UniProt_ID,pubchem_cid,kiba_score,bound
P07949,70812868,,0
Q9NR97,10596233,,0
P10415,117874168,8.37,1
Q06187,90310901,,0
P10415,87279680,0.257,1
P35372,15986936,,0
P42345,44819199,0.355,1
P56373,118683478,7.92,1
O60674,90369577,2.19,1
P09619,118979898,,0
Q92731,91515977,2.19,1
Q05655,155552127,1.18,1
P04629,53304826,,0
P35968,16220354,7.145,1
P29375,57658907,,0
Q9Y233,53250649,6.07,1
P00533,134139584,0.878,1
P28482,92044710,0.298,1
P06276,71813673,,0
P10980,20242416,,0
P25929,90443264,,0
P41143,51003505,,0
Q9NYK1,71667153,,0
C7C422,4091,,0
Q9Y5Z0,86581548,1.55,1
P08473,89523073,4.55,1
P05556,53251552,,0
P47820,12805608,1.15,1
O00329,90166560,2.09,1
Q15375,70685192,,0
Q923Y8,66562957,,0
Q92847,57391293,0.427,1
P36888,5360741,0.601,1
Q9UHD2,23647590,,0
P33535,134133066,,0
Q9UBN7,118191697,,0
Q16790,89477054,,0
O60674,1287122,,0
P19320,11023935,11.5,1
P51449,155556277,,0
Q00535,44259,12.0,1
Q5U3Y7,68182254,,0
P08253,22485396,0.254,1
P08069,68060030,8.37,1
P29275,25192870,,0
Q14680,44458906,,0
Q10469,6481518,,0
Q9NYK1,132272700,0.313,1
Q9UK32,164609169,11.9,1
P04439,44345615,7.55,1
Q07869,126669001,,0
P25105,118127888,,0
Q9JJ16,141486912,,0
P33535,9845693,3.28,1
Q9HBH9,129052029,2.7,1
P21396,44398339,10.2,1
P11309,71253913,1.32,1
P04757,59837609,,0
Q9Y233,56594507,,0
P43235,132272166,,0
P23458,129269535,1.92,1
P53634,90430770,2.75,1
P49674,54762001,11.9,1
P00742,126962152,,0
P53634,72793034,,0
Q14123,10195108,,0
Q12852,72706274,,0
P01375,66547110,,0
P41145,86767133,,0
P49355,89423243,,0
P52333,44593463,,0
O00329,118716809,,0
Q923Y8,118484954,6.3,1
Q15761,16741245,,0
P20309,59179619,0.0442,1
P00742,44456386,1.41,1
P04585,127048059,,0
P41146,164628753,,0
Q9MYW9,145964739,6.01,1
Q14680,87121352,7.0,1
P41597,10007642,1.07,1
Q15858,124222089,6.07,1
P41144,49872933,,0
P25774,5287468,11.8,1
Q9HBH9,117793039,0.601,1
P52699,66834208,,0
Q92542,25263470,0.319,1
O00329,164626009,0.43,1
P05556,44232495,0.0354,1
O43497,118560613,0.823,1
P20309,127049276,,0
P49768,44446158,0.151,1
O15379,162657089,0.254,1
P28482,155534523,,0
P04035,24944096,6.07,1
P01283,91899031,1.87,1
O00767,24829560,6.53,1
P41145,44541249,1.29,1
P19327,76281180,,0
P78527,118954921,9.16,1
P35968,22978065,0.0539,1
O15530,44577925,,0
Q96Q15,54670856,,0
O60674,117665921,,0
P23458,58394959,5.59,1
P33535,54669894,0.573,1
P23944,130278276,,0
P20292,90313370,5.17,1
P51948,19010876,,0
Q16539,86295250,,0
P15145,70695253,3.66,1
Q923Y9,11260400,,0
P25103,137018450,,0
P34995,155431638,,0
Q92542,70691836,,0
P97266,67972174,,0
Q9P289,58073740,,0
O60885,121422506,2.7,1
P22455,44329061,,0
P13612,44376590,8.69,1
P35439,6604887,7.88,1
Q05769,162674195,,0
P48067,155517381,,0
P52333,124157188,,0
Q02108,15698032,,0
Q9UKE5,5722277,,0
P11715,138393353,,0
Q02127,24986825,9.28,1
P33535,15931158,0.049,1
P27815,44282109,7.92,1
P45452,54577895,,0
P56524,71230924,1.04,1
P56373,68020405,11.9,1
O00329,164626971,0.651,1
P00918,118380767,,0
P20309,90666117,5.73,1
Q9Y233,58548303,0.313,1
P52333,134130676,,0
P47811,11826801,4.17,1
P23977,10404283,3.0,1
Q06187,136928140,6.53,1
P35372,21190844,,0
Q5S007,71577480,2.45,1
P56817,67979363,2.85,1
Q92847,9987036,4.23,1
P21728,136950756,,0
P45452,44393897,0.248,1
Q9UHL4,44382134,10.6,1
P00918,118617086,,0
P04629,122632316,,0
P30411,44190851,2.55,1
P27986,9884685,6.67,1
O00408,137245449,6.86,1
P81908,10959857,,0
Q9BUB5,71538106,5.6,1
Q9UGL1,18542229,,0
P23458,89462595,0.0685,1
Q99720,42635502,,0
Q99720,58329415,,0
P03372,44389896,1.49,1
P20309,14977370,,0
Q9UM73,155516368,11.2,1
P19643,3076090,1.15,1
O60885,87316090,,0
P35354,22912115,7.92,1
P45452,44302500,,0
P50406,44568543,,0
P42345,44590385,,0
Q92542,9929101,,0
Q99572,10765267,,0
P21728,21049006,,0
Q9UBN7,24881405,1.47,1
P49286,127041169,11.1,1
P00918,54767990,,0
P35367,44318842,3.14,1
P15121,15713959,9.28,1
O55242,10524624,,0
P02358,90414882,,0
P28482,91931331,,0
P20272,45272121,1.53,1
P53634,89472119,6.07,1
P09874,117926928,,0
O00329,45555989,,0
P08254,16745663,,0
P32238,118723141,,0
Q12884,156869976,0.47,1
P03372,11646372,,0
Q923Y8,2056588,,0
P28221,68058549,,0
O60674,118522715,0.179,1
P17252,16110391,7.85,1
P36888,59627683,,0
P28845,71454920,2.19,1
P15056,118537853,,0
P35563,118735572,,0
Q9Y233,72724856,2.62,1
Q16790,121277641,,0
Q92847,25227441,0.0541,1
P36888,10138259,3.7,1
Q9Y618,24938735,3.98,1
P35354,44332400,,0
P51639,71611246,,0
P25103,16091079,,0
Q9H5I1,135335127,6.91,1
Q14416,72725107,,0
P0DMS8,44410406,1.55,1
P29274,24894065,2.98,1
P56817,44308485,,0
P00519,137646375,,0
O43570,118725250,,0
P43235,11668719,,0
P30411,1460659,,0
P35968,11625929,0.601,1
P30969,44352512,2.19,1
P50750,145975607,0.601,1
P0DMS8,44410561,2.62,1
Q9GZT9,72737642,7.0,1
P09874,25002581,7.29,1
P23458,136491511,3.09,1
P11802,58299814,5.6,1
P41146,118711489,0.604,1
P00918,73352124,1.92,1
P23975,44414749,10.2,1
P11229,118146039,,0
P28482,162653231,,0
P35968,156010553,,0
P04629,126963010,4.63,1
P06881,9796137,,0
P15056,136980517,,0
P35372,46227967,0.521,1
Q9Y2D0,135156469,,0
P25774,49864412,,0
P00747,122179836,7.92,1
P49674,11688314,,0
Q8MMZ8,44410599,0.141,1
P22607,124221838,,0
P05771,44394355,1.15,1
Q9NWZ3,56679784,,0
P30542,16109432,2.98,1
P48736,10238566,,0
P49761,5478,,0
P21452,11491576,1.9,1
O00329,45268586,,0
P47811,10896702,0.0624,1
Q9NWZ3,145954758,,0
P27338,105628719,9.73,1
P35968,164612610,7.46,1
O60674,58177328,1.68,1
Q04759,58325113,1.52,1
P19785,46190678,,0
P20309,11637076,,0
P56817,10250190,,0
Q6ZN18,57698258,,0
P41145,89447185,,0
O43570,44279739,,0
Q15858,70681064,9.73,1
O43613,71565877,1.15,1
Q02750,71456182,,0
P34972,11154964,4.31,1
Q9Y233,53328250,5.13,1
P31639,71078416,0.44,1
Q15761,24960672,,0
Q27713,72712336,,0
Q96KS0,90246728,,0
O00459,134373006,6.07,1
Q64640,90395630,,0
P08253,10047100,0.234,1
P50750,76325899,,0
P43405,71241960,4.12,1
P33032,91929810,3.66,1
P35968,122633900,,0
P27815,10128917,0.132,1
P36888,118439821,1.47,1
P00734,44338385,0.544,1
O43570,44354362,,0
Q07343,46905546,,0
Q9Y463,135145674,5.13,1
Q27793,46844540,7.61,1
O43614,145977309,,0
P29702,73507151,,0
P03372,44407827,11.5,1
Q64373,46835005,1.67,1
P09874,141466177,8.83,1
P28221,10526737,3.59,1
P00533,134142952,2.24,1
P15428,66882257,,0
P36888,16759177,,0
Q06187,132231781,0.0814,1
P05106,135414361,,0
P25774,44362485,,0
Q9Y233,60165102,1.52,1
P03303,145967471,4.17,1
Q8WW43,44440652,2.19,1
P51449,67126737,,0
P43235,44592218,,0
Q96BI3,4976593,,0
P19793,46228521,,0
P31639,136086917,,0
P00915,49864074,,0
P35408,23661189,0.558,1
P51449,118187593,4.04,1
O75908,71560676,0.487,1
P00742,134142161,,0
Q01726,122184640,4.84,1
Q9NYK1,132271922,0.194,1
O70536,70685992,,0
Q99808,46877135,0.712,1
P20272,68039355,,0
Q95323,46230607,,0
P41597,10325032,3.19,1
P35916,155547248,11.1,1
P97266,73345652,11.1,1
Q9Y271,16391032,,0
P25100,44294569,1.07,1
P54750,44370769,,0
P35610,44578332,9.73,1
P49682,68309298,,0
Q7Z2W7,134131637,,0
P27487,137649399,,0
Q16539,90029467,,0
P16610,18964186,1.15,1
P20292,155452036,,0
P03956,155557159,,0
O43497,134134030,11.9,1
P04150,53359074,1.97,1
P35372,155533321,0.156,1
P04629,73353396,,0
P25774,49862472,7.46,1
P56817,126554901,1.78,1
P49356,44455452,,0
P28845,129140176,,0
O00763,45485771,,0
P08908,10396918,,0
P50406,10205655,5.17,1
Q9UDY8,118540126,0.00612,1
P47989,13040879,,0
Q62986,9846731,1.52,1
P35968,121371445,4.54,1
Q15858,145972807,2.6,1
O43614,162666203,,0
P52732,71748280,10.2,1
P30938,10124376,7.84,1
P09874,56950425,,0
P09874,25118355,5.17,1
P51639,91928863,3.19,1
O60674,15819326,,0
P45452,44391352,0.601,1
P41143,44396344,,0
Q9NRG4,10505477,,0
P29274,21874721,2.71,1
Q8NER1,25181770,11.1,1
P45452,49804506,,0
Q05397,129247298,,0
Q2M2I8,155568736,,0
P42345,117950811,,0
P50406,137636800,,0
P08908,44284483,,0
Q14416,193350,,0
Q9NWZ3,52914172,,0
Q96BI3,44328955,,0
P42336,6409664,,0
P28482,66585104,,0
P51449,15944574,11.9,1
P43235,59548200,,0
P41143,130278423,,0
P10980,40425143,,0
P35372,44332908,,0
Q16769,155521646,9.46,1
P08069,10135786,9.79,1
P56373,57802610,,0
Q9Y5Y4,66570910,0.601,1
Q9NWZ3,90155332,3.39,1
O00329,132209910,1.15,1
P17752,58413392,,0
P56373,24947705,,0
P01375,46198533,2.71,1
Q96BI3,44443991,6.53,1
O75116,102340761,,0
P08909,91931626,8.01,1
P00746,118053487,7.46,1
P27338,58073024,,0
P42345,145985971,,0
P00742,10091045,,0
P12527,14977380,5.6,1
P50579,1565307,,0
O75173,71625962,,0
P61169,10762810,0.326,1
O09114,10045570,3.19,1
P30543,118719026,2.71,1
P41146,42643642,,0
P27487,45263688,8.26,1
P19099,136215068,0.43,1
P41145,56668265,2.58,1
P11309,53321232,,0
P08908,67775989,,0
P52699,44456424,,0
P15328,135567028,1.05,1
P56817,11505418,3.17,1
P09619,121254592,9.28,1
P00533,9884654,0.601,1
P41145,71585323,1.23,1
P51449,935612,,0
P27815,16755734,,0
P03372,134453558,0.785,1
Q9Y5Y4,127033599,7.0,1
P52699,51001177,,0
P23458,90367195,1.68,1
P32300,122188799,8.7,1
P35968,156018644,,0
P41968,118274462,,0
P53350,5467768,,0
P51948,162670604,9.73,1
P08709,404197,,0
Q16665,44325614,,0
P23458,118390041,1.68,1
P15056,57344795,8.37,1
P41145,135502634,,0
P51681,68060162,,0
Q16790,743063,,0
P42336,71042076,3.33,1
P10415,90646226,1.94,1
P36888,10644309,,0
P16753,52900120,,0
Q16853,17755216,,0
Q9H093,68191477,,0
P03372,155565326,,0
O60674,44313381,,0
O00329,71461346,,0
Q8WXS5,134457790,2.7,1
P22455,68209029,6.34,1
P27958,117952632,,0
Q9Y5Z0,66557907,2.19,1
P10415,127047073,,0
Q92847,134153654,0.0942,1
Q2NNR5,72195058,,0
P00734,90389165,,0
P35372,71719454,0.035,1
P07949,134537177,,0
P04150,135559128,,0
O95835,135368051,0.601,1
Q63844,11180344,,0
Q13490,117914853,0.601,1
Q16539,44455675,,0
P36888,9897907,,0
P09581,162665729,,0
Q60492,76314455,,0
P28845,819258,,0
P19099,6540038,8.24,1
P19327,134140476,,0
P16235,155516586,,0
P14600,10739445,,0
Q9Y233,71584103,,0
P14780,118731259,11.1,1
Q15118,127034855,5.13,1
Q9NYK1,145955102,,0
P00519,118195201,1.68,1
P45452,57403445,1.26,1
Q921V5,122362720,9.73,1
P00519,11797883,,0
Q8WW43,164622155,,0
Q10469,118362570,7.23,1
P31644,16679250,,0
P52333,118116274,4.0,1
P14780,73673068,,0
Q14416,44404762,,0
P14867,893637,,0
Q9HBA0,137646962,1.36,1
Q15858,14873701,,0
Q99500,71577389,,0
A4D1B5,10275001,,0
P14780,44434464,,0
Q9UKE5,44335468,,0
Q63844,89509229,0.189,1
P12931,118368221,,0
Q60492,90166471,,0
P28221,10839082,3.04,1
P42785,59374311,,0
P11802,138805809,,0
P35968,42609478,,0
P35968,52942518,3.73,1
O00767,90452059,,0
P04629,118392844,10.2,1
P35367,155549599,4.6,1
P00918,162660277,,0
Q9NR97,11257957,,0
P12931,155432267,4.17,1
Q9NWZ3,118719436,0.157,1
Q8TF76,71711508,,0
P52699,135150122,0.84,1
P51449,118180853,1.4,1
Q9NWZ3,90155422,0.987,1
O75164,11729079,,0
P23944,121413462,,0
P49356,9931146,4.05,1
P53779,137656311,11.9,1
O60885,81689780,,0
P52333,46864703,3.39,1
P97266,44414829,1.03,1
O43613,118127321,4.17,1
P48067,56836904,1.15,1
P53609,11377266,10.9,1
P56817,127042867,,0
Q9UL62,118863119,0.853,1
P48736,117990510,,0
P35917,216239,9.73,1
P0DMS8,162676711,4.42,1
P33981,67959880,,0
P00734,89596195,,0
P08909,45112462,1.51,1
P46098,139339318,,0
P05556,23648174,0.197,1
O00763,10370226,,0
P31749,118159079,1.04,1
P50406,25263342,4.48,1
P07858,50994058,0.724,1
Q9UBN7,57382294,2.7,1
P27487,162647876,,0
O00400,71454076,,0
P28482,50830278,,0
P42345,58073678,5.6,1
P54750,132273343,4.17,1
P01375,58041985,0.632,1
P08069,25079271,,0
P19099,150802389,,0
P00746,52946149,,0
P43681,71457136,0.312,1
P07384,118263633,,0
O15379,162650942,1.74,1
P30419,122441885,,0
O96017,85875,,0
P04629,11346089,,0
P56704,118707290,,0
P42346,2527254,,0
P20272,21911457,,0
P25774,59543520,6.53,1
P97629,134172944,1.1,1
P00918,10874216,0.663,1
O15379,162662875,2.55,1
P49810,67607867,5.6,1
P23975,86687572,,0
P56373,58578482,2.7,1
P11802,2295854,,0
Q92793,132186890,1.83,1
Q15022,135332315,0.0685,1
P21802,145987295,,0
P78527,118954879,9.16,1
P20309,16086005,1.41,1
P08592,90155213,,0
P43681,4124851,,0
P04629,145990640,,0
P25099,127051537,,0
P53634,90430803,4.55,1
P15056,71720361,,0
P51685,74223018,,0
P43405,362735,,0
P07861,91928813,6.07,1
O60674,50993881,4.65,1
Q86V86,2952899,,0
P51144,9850582,9.92,1
P00918,122184936,2.05,1
Q7Z2W7,118234669,0.43,1
O00519,85469681,0.372,1
P49892,86715877,,0
P10608,44417806,,0
P97612,24799820,2.45,1
P21453,126563516,,0
P42338,56832510,7.34,1
P43235,44578483,,0
P19327,44363591,9.28,1
Q14416,131636404,3.88,1
P49327,10652143,,0
P48736,162663726,0.36,1
P51449,44353451,,0
P20292,90314611,3.79,1
P18894,71270196,1.1,1
Q15761,44139234,1.15,1
P17948,1101716,,0
Q9QYJ6,53466375,2.7,1
P35968,71819147,,0
P00918,122189301,7.86,1
P07949,1475,,0
P50750,155524395,,0
P11309,46178529,0.601,1
P14600,138454765,,0
O75116,118642003,,0
O00329,137093061,,0
P23458,65894,,0
P30553,118187339,,0
Q00788,73351588,7.31,1
P52333,44560401,,0
P31749,118159080,1.62,1
P23458,10454685,,0
P23977,71461713,,0
Q06187,23654862,,0
P27815,119057330,,0
P97612,142427824,,0
P11309,58303637,6.53,1
P23977,29334,,0
Q08210,122678536,,0
P15085,68261178,,0
P00742,155533337,,0
P56817,4188525,,0
C7C422,118266304,0.862,1
C7C422,130442473,,0
P56373,87476865,,0
P12931,155532739,,0
Q60492,58300077,,0
P25103,10641624,,0
Q9Y463,135145478,5.13,1
P48067,134437877,,0
P49768,118389864,2.65,1
P14867,25141260,1.01,1
P42345,58379662,4.37,1
O43570,44390002,4.48,1
P21918,24860515,,0
P42345,10638841,,0
O60674,118523208,2.07,1
P29275,71450006,,0
P03372,10215089,2.8,1
Q923Y9,71087794,9.89,1
O00329,10077296,,0
P30874,54499941,,0
P25024,16098488,5.6,1
P21802,68209104,1.05,1
P15056,44579029,,0
Q03181,16072558,,0
O43570,155534179,5.31,1
P12931,5328933,0.713,1
P11511,156010574,,0
P08172,70685503,4.43,1
P27986,2931382,,0
O60674,50997667,0.0837,1
P18901,44434508,,0
P15056,90413989,,0
P31213,44275674,0.0685,1
P10415,46234326,0.495,1
P51449,118966406,,0
P21728,10601891,,0
P42336,46917574,8.37,1
P00533,25195274,0.601,1
Q9R0C9,10716898,5.6,1
P11309,58483626,,0
P00915,11502255,,0
P30542,71715389,,0
P22455,445459,,0
O00329,3351335,,0
Q01959,68994365,5.77,1
P27338,44296278,9.73,1
P13726,122451516,,0
P29371,44550460,11.5,1
P52333,121409617,,0
Q06187,140635787,3.19,1
P05091,11301354,,0
P06276,127043878,7.5,1
Q10469,122362849,10.6,1
P10275,76336159,,0
Q8MMZ8,45139404,,0
P25103,44444669,0.0942,1
P12504,49855337,,0
P08069,53325637,11.9,1
P29375,118683439,,0
P06213,134449983,1.94,1
P42336,145965682,9.73,1
P18084,10416726,1.88,1
P17787,6447922,,0
Q9Y5Y6,162648726,,0
Q923Y8,51357233,,0
P35968,46182735,0.601,1
P42785,51357316,,0
P08908,129085359,,0
P25105,44284535,9.73,1
P48067,46882028,,0
O75173,53322879,0.418,1
P08482,3661,0.429,1
P07900,57394550,,0
P49841,16046126,6.53,1
P10415,44404164,,0
P11309,89783296,1.3,1
P49674,137648623,,0
P09874,9931954,4.41,1
P15056,91896043,2.24,1
P61169,10184971,,0
Q8NER1,25063599,0.969,1
P21453,58267737,,0
P08908,72699690,5.03,1
P23458,136227345,5.72,1
P09483,73350672,3.56,1
P23458,117950328,2.03,1
P00742,10253331,,0
P48067,155539394,,0
P30968,54689640,,0
P22455,135921041,,0
Q16790,155556062,5.03,1
P16257,136213101,,0
O60674,56954236,,0
P20831,129237105,1.76,1
Q13822,57394415,,0
P19327,71462043,2.05,1
Q9NWZ3,90155390,1.68,1
P22607,134148365,5.32,1
P42345,58072792,0.584,1
O15379,69087005,,0
P23458,59452764,,0
P20292,90310949,5.17,1
Q14524,137635615,,0
P30411,91668622,,0
P29371,58312651,8.01,1
P27986,124194499,0.124,1
C7C422,118429898,,0
Q64663,46226124,,0
P11309,11407950,,0
P00742,11797436,,0
P27487,46876334,,0
Q8NER1,137634936,1.79,1
P11309,136217524,,0
O60885,137529534,2.7,1
Q9Y5Z0,71532019,5.59,1
P31749,70818071,1.73,1
P07861,53469449,,0
P20309,24901664,,0
O75874,140267835,3.19,1
Q8WW43,44435367,6.07,1
Q01959,44421414,10.2,1
O94925,20708108,,0
P45983,3826467,,0
P17948,145949428,11.9,1
P23977,71151996,,0
P08631,53348187,3.34,1
P08253,70874605,,0
P36544,25182691,1.03,1
P19784,52943286,,0
Q06187,44560846,,0
O60563,10406267,,0
C7C422,14127085,,0
C7C422,10696705,,0
Q99572,16679685,6.34,1
P00918,138752697,,0
P12504,69086824,4.46,1
O00141,136213360,2.85,1
P49841,11560568,0.0382,1
P20272,25055546,0.254,1
P00742,9958614,5.6,1
P41146,15512237,0.331,1
P16257,872878,,0
P00533,134141947,11.5,1
Q15858,124221966,11.5,1
Q60F97,140781228,,0
P37231,44399972,9.73,1
Q8WW43,118389909,3.19,1
P21453,162650548,12.0,1
P33535,127033539,,0
Q9UK32,164621116,7.46,1
P47869,44364147,,0
P53634,90430798,7.0,1
Q15761,1132,,0
P45452,44420195,,0
Q9Y5Y4,72948336,0.768,1
P19784,72948863,0.296,1
P10398,5924208,7.27,1
Q62986,136029159,,0
P49682,56663563,7.92,1
P36888,44431513,,0
P31749,130363720,,0
O15075,118687444,1.15,1
P25099,44425844,,0
P07099,9806525,,0
P32307,73350258,4.48,1
O76074,73213605,11.0,1
P35968,16221375,3.06,1
P23443,89442431,3.09,1
Q07889,155556395,5.13,1
P43236,11512144,0.485,1
P12504,69086910,6.53,1
P03952,124131882,2.48,1
Q9NRG4,162675472,8.37,1
Q16769,24210102,,0
Q10469,117723548,8.14,1
P11309,89783465,3.24,1
P32300,56683126,10.6,1
O43613,89560478,3.19,1
O60674,89471414,2.95,1
P97612,71718997,,0
P48039,118664834,,0
P46098,89927840,0.49,1
P50406,68109120,5.17,1
Q96KQ7,145979238,,0
P27448,11965686,,0
P03952,10236477,,0
O00329,71534758,,0
P20248,69086922,,0
P43681,3073763,0.0303,1
P04191,57336562,,0
P46098,58365731,,0
P23458,117667613,,0
P43166,126507182,0.967,1
Q06187,118173609,1.04,1
P48147,11198569,0.701,1
P06239,16086077,0.372,1
Q15761,10465727,,0
P31639,16756841,,0
P23458,49797356,,0
P04629,118393991,5.1,1
P78527,145978012,,0
O60674,44280416,,0
P25103,101195496,1.53,1
P00519,71115370,0.907,1
Q16678,68388405,,0
P13726,42602174,,0
P41143,127028324,0.474,1
O00444,5359485,0.578,1
P51681,25107582,,0
Q05655,118096623,,0
Q99572,136629528,10.2,1
P15056,46879084,,0
O55242,132164974,,0
O60674,44655581,,0
Q07817,11333634,,0
P43405,89866752,6.07,1
Q13639,57698188,,0
P21452,9953599,0.331,1
P27487,27447,,0
O14965,11592600,,0
P40337,11525874,,0
O60674,59151856,,0
P42345,78319309,,0
P23458,57391767,,0
P97266,134153767,,0
P11217,44342773,9.68,1
Q9ULX7,126507913,11.7,1
P29275,90158002,,0
Q9Y233,86346076,1.15,1
P47900,129139920,,0
P21398,132260127,,0
P51681,5275763,3.9,1
O70342,71519004,10.7,1
Q9H7Z7,44390981,3.19,1
Q2M2I8,155524763,,0
P30874,91937131,,0
Q16790,135738649,,0
Q13258,44411814,4.48,1
P10721,44593618,,0
O00763,73292727,7.92,1
P00918,127027506,,0
P09619,11719537,2.7,1
P13612,70981947,,0
P21802,89534139,0.851,1
P29375,121279436,0.075,1
P31749,49865308,,0
Q9HBH9,13817938,,0
P23977,44342450,3.78,1
Q9Z2A7,118731742,,0
P97612,134143952,,0
O60674,90389598,,0
Q63931,5311400,0.815,1
P20309,121397479,,0
O15379,86290795,,0
P23385,16659805,0.544,1
O75907,164618429,,0
P00747,49796204,,0
P04585,44364017,,0
P33981,134435176,,0
Q9NR97,57396724,,0
P41597,24894989,,0
P56524,71458561,1.68,1
O00329,155534964,,0
Q8NER1,57770412,3.68,1
Q96BI3,23661672,2.7,1
Q07343,122668833,2.95,1
P11309,66562366,,0
O70536,58455962,,0
P00533,54758423,,0
P10415,71765626,,0
Q9Y5Y6,71562763,,0
P47869,25133381,11.4,1
Q13255,57559437,3.68,1
Q9GJT6,44422781,3.19,1
P23458,89473523,0.43,1
Q9H244,11516085,,0
Q63844,56591420,0.486,1
Q9Y5Y4,89649210,3.24,1
P25774,23648334,3.66,1
Q9UBU3,24969603,6.58,1
Q99572,16678807,9.7,1
P21728,46216855,1.03,1
P11309,124201727,,0
P00352,142581225,9.5,1
Q14416,53375151,,0
P21675,155512404,,0
Q923Y8,71086951,4.48,1
P21917,25071692,7.58,1
O43613,91932659,,0
P08069,91754889,,0
P56373,121295460,9.28,1
O00141,134138144,,0
Q16539,118575074,,0
P21453,53340795,1.83,1
P19327,86716289,,0
P28221,10318813,,0
Q9Y5Z0,44447293,,0
P00523,9803993,,0
P33032,57634921,6.72,1
Q06187,57398205,6.16,1
O43614,10888251,,0
P13631,112500371,,0
P21556,91928673,1.88,1
P03372,49860710,,0
O70526,89476631,,0
P43405,89866736,4.31,1
P41144,44394963,,0
P00742,50919257,3.79,1
Q96BI3,66679405,8.37,1
Q8NER1,89944800,,0
P19793,86299022,,0
Q9Y233,118658065,1.26,1
P30542,46885992,3.28,1
Q9NWZ3,134142622,,0
Q9Y233,156021163,,0
P31213,52945709,,0
P56373,71542637,,0
P48039,10661735,0.392,1
O60674,44409334,,0
P49841,46880300,3.39,1
Q96RI0,54583932,,0
P49768,24865064,0.561,1
P35375,162674239,,0
P22455,58197499,,0
Q9NYK1,132272253,4.89,1
P32240,57395059,1.79,1
P41145,25256965,0.115,1
Q9Y463,5289109,,0
Q15349,1510390,,0
P30543,44421273,9.46,1
Q923Y9,71087087,1.15,1
P05106,121380011,,0
P11802,58299590,2.95,1
P13866,90656994,0.768,1
P05093,121225077,,0
P00374,44179375,,0
Q06187,76903135,2.04,1
P07384,56675168,,0
P09874,25190731,6.58,1
P35968,130232399,,0
Q9Y233,86270673,7.87,1
P35968,121403206,,0
Q96RI0,68003962,,0
P00742,122296,,0
P24864,71572464,,0
P43166,87814574,,0
Q16790,71233776,,0
P05888,441243,6.58,1
O94782,137049113,,0
P30969,1744577,,0
P27487,57641262,2.85,1
P12931,44422489,6.53,1
P25774,67239649,,0
P32249,71460655,,0
P41144,68527699,,0
Q96C86,25003843,0.0286,1
P52699,135368543,,0
P80457,59477731,11.6,1
P36544,134135529,,0
P12931,54766808,10.6,1
P31639,60169143,4.41,1
Q9HB89,145960563,0.26,1
P47871,89445398,,0
P46925,67440621,,0
P41146,132253248,,0
P21917,9950165,0.663,1
P17752,11054448,,0
Q9UBN7,127031757,9.73,1
Q99572,11661609,,0
P20292,90313660,6.58,1
Q9Y233,60164352,5.13,1
Q9Y233,91502450,,0
P07949,11178340,,0
Q06187,118195146,,0
P41143,155526524,,0
P31639,71654791,,0
P05771,13975398,,0
Q9H9B1,137654447,8.83,1
P49286,7174615,,0
P20272,46231344,2.75,1
P15056,117625295,,0
P30542,44336767,,0
P12504,69087006,4.7,1
P14740,9800721,6.58,1
P41143,57401137,2.55,1
P11766,118978843,11.5,1
P31749,14476492,,0
Q16539,89708476,,0
P08069,68059625,5.13,1
P11309,90072533,0.00275,1
Q06187,4437,,0
P04629,118393481,1.57,1
P51639,45273131,,0
Q9Y5Y4,76328965,8.93,1
P23458,118522855,0.556,1
P35439,11796465,11.5,1
P27487,44444377,6.07,1
P41145,9804961,,0
Q9NR97,566479,,0
P35968,118737147,,0
Q99572,50992650,,0
P15056,58164419,0.248,1
O15379,145962935,,0
P21556,10367028,2.19,1
P45452,10740201,,0
P35408,121481508,3.78,1
P27487,44218404,7.76,1
P23458,90367422,6.07,1
P49841,18397352,,0
P25774,117914071,1.57,1
Q05769,18385828,0.0139,1
P06493,118710471,,0
P23443,30743524,,0
O00519,90467022,1.52,1
P43405,89484520,0.169,1
P41594,24853279,4.17,1
Q63844,56591468,0.51,1
P23458,118522815,0.687,1
P21728,71109897,5.17,1
P11309,44217682,0.601,1
Q923Y8,24825807,,0
P51639,91929228,9.73,1
P28482,129077224,11.5,1
Q92633,71452129,9.23,1
P53634,14403007,,0
P41143,5327903,,0
P17787,118725907,,0
Q13393,53470162,9.73,1
Q05941,10831231,,0
Q99527,124148562,1.78,1
P43405,118307529,1.83,1
P00533,76329343,,0
Q93009,23724144,,0
Q92731,135458122,6.53,1
P41594,118732217,7.83,1
P42866,71478531,,0
P47871,10211943,2.7,1
O00329,70369117,,0
P08049,18700090,,0
P08254,90183870,,0
P53985,136038513,,0
P21730,71238975,1.15,1
Q81258,146417,,0
P21396,11179962,,0
P00918,74984350,0.544,1
O43614,57544434,,0
P11309,59226458,0.601,1
Q60490,70826681,,0
P50406,164617683,2.45,1
P45452,9843679,0.47,1
P08254,11350967,,0
O70342,44455881,,0
P14780,53465005,,0
O43613,117728133,2.7,1
P53634,90430760,1.15,1
O60885,89656189,1.3345,1
Q9NWZ3,59292008,,0
P25774,52942758,1.62,1
Q923Y8,91808582,,0
P09958,131953583,,0
P05106,44418283,4.17,1
Q9NWZ3,130278665,,0
P30411,57393061,0.331,1
P14902,164626379,1.73,1
O14684,10052488,,0
P34972,67303767,1.53,1
Q99720,70691300,1.72,1
Q9Y233,72703713,0.442,1
P35968,118231356,7.32,1
P27487,71517577,,0
P42330,56945199,,0
P10417,89723139,7.0,1
P41144,44377582,0.368,1
P25099,90283425,,0
P49768,44432797,10.6,1
O14920,90644619,,0
P03372,157839,,0
P41146,89266687,,0
P49286,46888419,,0
P51639,6898743,,0
Q15761,24987242,2.45,1
P61169,136480965,,0
Q06187,9579322,,0
P11309,71255025,0.0109,1
P48736,122194412,,0
P56718,51355427,,0
P23458,58293189,2.42,1
P14780,10454592,0.439,1
Q9UGL1,138393341,4.52,1
P49355,44395053,2.19,1
Q16539,11717832,,0
Q9UBN7,66689349,,0
P11309,60165269,,0
Q06187,57401532,5.32,1
P41597,90435584,,0
P09581,14739627,,0
Q924U1,72711802,0.115,1
P43235,137659402,,0
O94925,71577425,2.19,1
P35968,5329382,7.92,1
Q9Y5Y4,71222559,11.7,1
P41279,44356826,,0
Q9UBN7,164620394,3.29,1
Q86V86,153690030,0.657,1
P48736,59615740,9.47,1
P56817,650372,,0
P19327,44287274,5.17,1
P51449,10237032,,0
O00329,91667507,2.09,1
O00255,153315449,1.15,1
P79266,22322323,,0
P43681,127030313,,0
P10415,44412843,,0
P0DMS8,9802941,10.8,1
P27986,124194395,2.05,1
P30874,86714132,,0
P00742,53374075,,0
P00915,138455154,9.89,1
P31639,68593871,,0
O77746,91824280,,0
O76074,136104508,0.643,1
Q07075,134151980,,0
O00767,44188204,,0
P43235,44303324,1.68,1
Q969F8,136016481,4.98,1
Q99720,15163141,0.75,1
P15056,22185489,7.2,1
P35968,121365914,1.65,1
P23458,10004106,,0
O42275,17436003,,0
P52333,117752226,,0
P06239,24826799,0.276,1
O43613,89560327,4.17,1
P21728,118721989,,0
P20292,867287,,0
P33981,14925491,,0
Q9HBH9,117793129,8.37,1
P31639,117874289,,0
P52699,122412815,,0
P23443,90194119,11.9,1
Q96BI3,23590952,0.319,1
Q9NYK1,826184,,0
P00742,71578933,,0
P20292,6073345,,0
P23458,90331537,1.15,1
P07550,155537757,,0
P04150,11013871,2.45,1
Q9NWZ3,67448096,,0
Q9Y233,164619143,,0
Q8MMZ8,24887169,0.0455,1
Q06187,155286778,9.14,1
P30542,90273239,2.87,1
P42345,44515084,1.1,1
P27487,49797454,6.07,1
P08069,89095045,,0
P00533,117903038,,0
P05106,121398633,,0
Q9P0X4,10090958,,0
P50406,53676064,,0
P23977,46877978,0.796,1
P00533,86305720,1.2,1
Q923X8,68325671,5.17,1
P30542,135934968,,0
Q9Y5Y4,11531874,11.3,1
P14780,53324335,,0
Q495T6,59608177,0.194,1
Q8NER1,46222448,,0
P11802,10392705,,0
P29275,541759,4.77,1
O43614,59548463,,0
P28221,50908804,0.545,1
C7C422,135311278,0.0388,1
Q9Y6M4,56850795,,0
P11309,14557662,,0
O00329,11373886,,0
Q99572,44307550,,0
P36544,44279689,,0
P23944,155560536,,0
P12931,23274477,,0
P49810,44432578,7.54,1
P10275,10358742,2.45,1
P29275,3554819,,0
P52333,2876782,,0
Q96BI3,53236132,,0
P08908,24806071,0.201,1
Q13231,118908091,,0
P51681,11640246,,0
P11309,3424737,,0
P00742,137658267,,0
P33535,138393292,,0
P51681,25063092,,0
P04818,44571900,,0
Q9UL62,162644118,,0
P31644,90657043,0.0942,1
Q04759,44573903,9.28,1
P30419,91934718,,0
P29275,57429649,3.45,1
P09874,122190533,1.94,1
P36888,56962355,,0
P41144,44419729,,0
Q02108,45260839,,0
Q16769,155517834,0.933,1
P49336,126511903,2.39,1
Q86V86,10020580,,0
P48736,46842235,,0
P09483,25168963,,0
Q06187,134164203,,0
O55192,90367235,,0
Q9Y233,118937709,,0
P32300,71452440,5.17,1
P49810,70691191,,0
P21802,1504839,,0
P43235,10835877,,0
P21802,134146333,2.43,1
O75116,762797,,0
P42345,162644684,2.7,1
Q9QZN9,91304096,,0
P25929,57339554,3.05,1
P00519,118320653,,0
Q04609,118009841,,0
P11309,89784163,0.79,1
O60674,74767046,,0
P24864,118586227,,0
P21728,75202022,2.98,1
P19328,117927069,,0
P33533,99135,,0
Q9Y698,192624,,0
P33981,16661406,,0
P97266,44325139,1.1,1
O14744,138753159,10.2,1
P28482,90066754,,0
P31749,68281731,11.9,1
Q14524,25101375,,0
P35372,71559034,,0
Q86V86,46178380,1.15,1
P29275,11800992,,0
P00533,15521852,,0
P17707,3008803,,0
P00375,430164,0.00238,1
P32247,46200989,1.99,1
Q923Y9,89497970,,0
P50750,9821984,,0
Q99572,155516500,,0
Q9H5I1,68208975,,0
P49841,135356505,,0
Q99572,118585716,,0
P37023,54671628,,0
O14965,260346,,0
P41594,10056458,,0
O60674,58548324,,0
Q9Y5Y4,16678286,,0
P41597,44425276,8.83,1
P00742,44426246,0.7,1
Q9H244,45485964,11.9,1
P43681,156012182,3.38,1
O60674,3828439,,0
P23458,44300743,,0
P23944,10097792,2.32,1
P35372,6918704,2.45,1
P51449,71612421,7.46,1
Q64373,12950747,,0
Q9QYJ6,76328122,5.6,1
Q9UBN7,71261882,,0
Q07343,72697584,5.6,1
O43614,10552840,,0
P09483,16099075,1.13,1
P30542,9975036,5.73,1
P49137,44454652,2.7,1
P35372,482604,,0
P41597,11562947,5.13,1
O00408,155793229,,0
P08253,44314762,0.0738,1
Q9Y233,9796923,,0
Q9UGL1,76283015,0.0685,1
P28472,67270914,,0
P04629,23636144,,0
P27815,25114583,1.15,1
P12822,13491288,3.07,1
Q9Y233,59327231,0.326,1
P11229,145976805,,0
Q9NYK1,132271889,2.04,1
O14684,90331746,,0
P10275,90655070,7.07,1
P52699,118266494,9.37,1
P35968,162670655,,0
P49810,154699442,,0
P00519,89906906,2.7,1
P52333,76152410,,0
Q99572,137644985,,0
P56524,54682876,4.51,1
P45452,44419932,0.516,1
P78527,162649713,,0
P10415,67127022,0.147,1
O60674,44420081,,0
P23458,56833308,0.96,1
O76074,9818343,5.13,1
P00918,137067248,,0
P53779,118146979,10.2,1
P30518,10098338,0.987,1
P00519,10178563,,0
P33535,5492831,5.01,1
P42866,44334473,3.52,1
P30543,44358969,,0
Q92769,11753622,,0
Q96KB5,134371755,,0
Q13822,56945089,,0
P00918,57403669,,0
P35968,118233992,3.14,1
P31639,135454762,,0
P51639,44272274,,0
P35372,46876389,,0
P15056,70649546,0.372,1
Q13258,21019821,0.404,1
P07949,134435797,4.94,1
P19327,10550097,1.68,1
P32297,45272876,,0
P43236,44440454,0.254,1
C7C422,135311524,0.696,1
P08908,24804942,5.14,1
P28335,68209178,,0
P56373,72551140,,0
P47820,91932101,,0
P47745,121397560,,0
P30969,91931285,0.223,1
P53779,156155382,1.68,1
P23975,67500997,,0
P27338,3976305,,0
P51449,118910983,,0
Q9NWZ3,117885678,6.07,1
P49841,162658127,11.4,1
Q70CQ3,155526622,5.13,1
P08049,24776323,2.71,1
O70528,49783421,0.217,1
P27338,86303921,,0
P10415,46235857,7.23,1
P43143,137658591,0.9,1
P21398,54581436,,0
Q9HBH9,91808118,4.17,1
O14684,90229385,1.94,1
P09581,11720104,3.78,1
P00734,90246264,,0
P43235,9980918,3.39,1
Q60492,25129513,2.98,1
Q14164,118979624,2.7,1
Q9HBH9,52758,,0
P06493,6539010,2.7,1
O15530,16662870,,0
P19793,86298625,,0
Q99720,118724312,11.5,1
Q8WTX7,135911776,11.9,1
P04585,71597071,1.62,1
O43613,118127904,3.68,1
Q07343,24798272,1.62,1
P20309,2858699,,0
P28482,155514660,,0
P35968,118128323,1.15,1
P28482,145985556,,0
Q8NER1,56668688,,0
P81908,68388346,,0
P43405,72202597,0.49,1
P42336,136237407,,0
Q923Y8,73442505,6.72,1
P29122,137657514,0.663,1
P23458,7408,,0
P35372,44581603,,0
P35968,134156584,1.36,1
P49137,56950797,2.09,1
Q92542,23571070,0.0217,1
Q03181,54580964,6.44,1
Q9H6Z9,871573,,0
P41597,137635058,,0
P48736,137653349,,0
O60885,118196499,2.7,1
Q15722,45264563,,0
P08913,11190988,1.53,1
Q9NR96,71087866,,0
P11309,46178857,0.601,1
O75116,118663027,0.595,1
P03468,162676939,4.51,1
P35968,559371,,0
P23458,136980499,3.04,1
P51679,11715385,,0
P28335,10622480,1.9,1
P51449,155518209,3.19,1
O00329,118677611,2.19,1
Q923Y9,73442153,1.79,1
O43613,129093918,2.85,1
O14965,117704821,,0
P05093,90331748,,0
P04626,11327594,,0
Q9NWZ3,90155431,1.36,1
P31644,124172539,,0
Q16790,164622188,9.6,1
O00329,118127154,,0
P34903,10384086,1.03,1
Q9Y233,57391965,,0
P12931,54766964,3.19,1
Q92769,825321,,0
O00311,136603199,0.823,1
O14965,66762387,0.248,1
Q13639,53319410,0.0966,1
P13866,89476997,2.04,1
P34969,71607914,,0
P23687,44360057,8.83,1
P11309,122534441,,0
P35968,118719671,,0
Q9Y233,59351198,0.487,1
Q16539,44453181,7.95,1
P28482,74766963,,0
P15056,44410412,,0
P11309,59226498,0.601,1
P49768,56834260,8.1,1
Q969M7,136639360,,0
P00918,126507400,8.87,1
P01375,91808159,0.531,1
P41143,44339563,0.337,1
Q04609,24953446,8.83,1
Q9UHD2,66959546,,0
P19327,57402651,,0
O43614,118206377,,0
P15056,68036307,1.15,1
P14867,9843909,1.41,1
P35408,44294212,,0
P08069,57680546,3.68,1
Q8K4Z4,44360863,,0
Q06187,135356201,2.95,1
P41146,90654710,,0
P09619,117620118,3.52,1
P35372,11071778,2.85,1
P33535,44369487,0.818,1
Q14524,118110792,3.98,1
P45452,130424172,,0
P10826,1866473,,0
P41145,16066626,,0
P45452,134452525,,0
Q05397,46208508,11.9,1
P33981,57441996,,0
O95822,44333328,6.67,1
P08473,44592991,,0
P13866,17757128,,0
Q02750,89470756,,0
P28221,49850671,0.546,1
P52333,162663326,4.7,1
P11802,71612084,,0
Q15059,86301666,0.341,1
P08254,10503893,1.68,1
Q15858,90023927,8.37,1
P12390,71459066,,0
P28221,16148596,,0
Q99572,13946016,,0
P47869,71599189,,0
P17252,118875815,1.31,1
P00734,117979164,,0
P04626,44403436,11.5,1
P08183,122179381,3.29,1
Q96BI3,44440658,0.313,1
P43405,156016440,,0
Q96RI0,46861600,,0
P12931,18792942,2.19,1
P08908,145976696,6.58,1
P14780,155540219,,0
P49810,44432793,7.0,1
P08908,53324413,,0
P21728,134155502,7.01,1
Q12908,44340434,,0
P56817,130192751,,0
Q64663,71287729,,0
P52699,139269219,0.222,1
P70536,10054982,7.92,1
Q9HBH9,6539509,,0
O88410,16218850,,0
Q01726,9803562,,0
Q14524,57392166,,0
P35372,58443192,0.724,1
P42893,71452681,11.5,1
P08069,89708876,0.175,1
Q06187,49859940,,0
Q14397,91934847,,0
Q8MMZ8,118166446,,0
Q16539,71463400,,0
P00918,71720021,8.61,1
Q9NWZ3,118206414,2.39,1
P35368,11081136,2.46,1
P36888,141523354,2.85,1
Q9H0K1,155531579,1.63,1
Q8NHM5,122180977,,0
Q14524,9811664,,0
P32300,118730935,0.212,1
P51639,137228128,,0
P11802,58300181,2.65,1
O43614,118020620,2.47,1
P19327,24980887,,0
P35968,5329334,4.65,1
P08908,44322770,4.76,1
O00329,11991812,,0
P14780,44329018,8.37,1
P15056,68035550,2.7,1
Q9Y271,10251516,,0
O76083,135528632,,0
P05556,138805801,,0
P27815,10232106,2.6,1
P30968,16155587,0.372,1
P07154,71062350,,0
P03372,87055263,0.0974,1
P19099,135185771,8.37,1
P14207,5275536,,0
Q06187,72946655,,0
P52699,66600938,,0
P42336,71584440,,0
P15104,25121155,,0
P23443,66763454,7.09,1
P20272,136982589,,0
Q8MMZ8,10162057,0.296,1
P35372,162647325,,0
P20309,155522078,,0
P09874,69321732,1.41,1
P49137,25118220,3.04,1
O43613,44580969,4.17,1
P42345,46884543,0.754,1
Q16539,44404797,1.78,1
P41594,54675470,,0
P09483,155541063,,0
P52699,135150159,3.03,1
O60885,89656315,0.993,1
O00141,71537542,3.44,1
O00329,56848713,,0
P23977,91935580,,0
P56373,68019932,9.73,1
Q64663,72812672,4.14,1
P05067,72704466,0.43,1
P13516,45272625,1.15,1
P97266,6539716,,0
O00400,156019675,,0
P49356,9866918,4.89,1
P21917,13136851,,0
P61169,132075237,,0
P48048,46182706,,0
P03372,44293617,,0
P05556,44387471,0.242,1
Q9Y233,53238154,,0
P30551,44356078,2.95,1
Q9QYJ6,66563056,,0
Q9Y233,90454405,0.0519,1
P78527,118954872,2.7,1
P20309,56667183,0.2,1
P51681,71267488,,0
Q16790,73776640,1.59,1
P51449,46233605,,0
P42338,46228466,,0
P35439,76167595,,0
P20272,44341080,,0
P16207,11071829,,0
P51451,3112341,,0
Q920D2,44412826,,0
P23977,46877844,7.23,1
P09874,76335857,10.6,1
P21802,71717322,,0
P29274,11618368,7.58,1
P61169,9995379,7.37,1
P26662,52946506,,0
Q9NWZ3,133053558,,0
P09874,44396035,,0
P04150,127051544,,0
Q64640,9842606,0.81,1
Q2M2I8,24827431,,0
Q2M2I8,137519080,,0
P04629,126962945,3.81,1
P23458,129269857,1.66,1
Q06187,77107685,0.0652,1
P10646,155524085,1.86,1
P08482,162646553,,0
O60885,51353992,,0
P28221,9890331,1.41,1
P51449,44300867,,0
P25774,52757,,0
P52333,145994233,0.55,1
Q14680,89622428,,0
P45983,44269794,,0
O55242,59630015,1.7,1
P30926,57486336,8.3,1
O43613,89560214,6.07,1
Q8QZV1,136505591,4.31,1
P09960,71735070,2.8,1
O77746,17848340,0.407,1
P35228,16114992,0.601,1
Q9NWZ3,75202516,2.01,1
P11511,122191970,,0
P23458,118522502,0.256,1
P41143,135853362,,0
P32238,44267523,,0
O00329,145967821,2.39,1
Q923Y8,118128246,,0
P07949,124199848,8.96,1
P50579,5311280,,0
P30411,10793563,1.36,1
Q8WW43,71574263,,0
P30969,73345577,2.71,1
P19784,127026095,5.03,1
P21453,2356440,,0
Q9NYK1,132272641,3.98,1
Q86V86,68356858,3.74,1
P21453,44591264,0.224,1
P23458,155532724,11.1,1
O15530,67476208,3.68,1
Q9Y233,118068641,,0
Q9UHD2,118537491,10.3,1
P00918,127044997,0.882,1
P17752,118097323,8.37,1
P00734,44313347,5.13,1
P33981,118882382,,0
Q9UM73,90644197,1.08,1
Q9UM73,46882102,,0
P31639,137661404,11.0,1
P33981,57406685,2.29,1
P23443,66763380,3.04,1
P35354,121417115,7.46,1
P20292,90312960,6.58,1
P07949,44367197,,0
P09483,71569959,6.16,1
P43405,118253220,6.07,1
Q15910,135328722,1.15,1
O43613,118723381,,0
P0DMS8,135427226,0.601,1
P15056,135310890,,0
P52333,45273361,7.46,1
P49430,13952776,2.44,1
P23458,118217811,,0
P27361,10540225,,0
P31749,44563101,,0
P41144,44269736,0.36,1
P53634,134587745,10.6,1
P33981,118727696,,0
P04150,25014203,1.73,1
P35372,44241022,2.02,1
P49662,51352907,,0
P28845,78325014,,0
Q99720,91936595,6.35,1
P08235,155561437,,0
P00735,45138647,,0
P51449,118023081,0.0153,1
Q5S007,77843980,0.447,1
Q96S37,117653276,4.17,1
P37059,122653033,4.65,1
P09874,122632809,7.46,1
P42345,124122990,,0
Q14289,134155909,0.544,1
Q9BY41,5352062,0.494,1
P32300,89471252,,0
P01375,58329428,0.601,1
P07943,87298,,0
O00408,135335236,,0
P31424,73295874,,0
P36888,145958864,,0
P28335,10767350,3.13,1
P31639,45101306,3.93,1
P33533,118730934,0.604,1
P42336,44285571,,0
O43614,44571868,,0
P23944,155546303,,0
P00918,89708997,,0
P08069,70368616,,0
P03956,10789493,10.6,1
P23443,66763242,4.51,1
P17252,657180,,0
P53350,44571553,,0
P27958,86728258,1.47,1
P27487,10154555,,0
P15538,57330085,4.17,1
P41968,44284169,,0
P12504,69086904,4.36,1
P41143,44366101,,0
P43236,11496335,0.256,1
P35968,53464595,,0
P22455,68208751,11.7,1
P13866,118863011,,0
P11166,49799864,,0
Q99720,45262069,7.18,1
O00329,71459248,,0
P32307,44386593,3.38,1
Q99572,9803225,7.49,1
Q9ULZ1,16130452,0.0346,1
P26662,89435064,2.19,1
P24864,25066411,,0
P14780,44413992,9.28,1
Q99685,164611755,1.08,1
P28070,155511538,3.39,1
P04585,71718010,,0
P36888,14601409,,0
Q9H244,46232913,7.87,1
P35372,44415676,8.59,1
P10417,67227120,0.00755,1
P51450,59054468,6.44,1
P97612,155548720,,0
P30557,53233170,,0
P34995,44426663,7.88,1
P09483,71459621,,0
P09619,86291496,,0
O75116,46890652,2.7,1
P56817,126556828,8.51,1
P00742,44376084,0.384,1
P00533,90430644,,0
P00918,136078530,,0
P12390,136035723,,0
P97266,73671283,7.96,1
O60674,145983720,,0
P56817,117874908,,0
P23975,49860230,,0
P27487,21919478,6.53,1
P32240,57398586,0.87,1
P43405,118307542,11.2,1
P35968,50907249,,0
P45452,58027682,,0
P06276,44381480,,0
P31421,71230992,,0
Q8MMZ8,71458143,,0
P24723,71456122,,0
P34969,118626121,3.79,1
P18825,76336376,,0
P03372,75026445,,0
P09874,3471603,,0
P31644,44410636,,0
P27487,59758130,,0
O76074,11247946,0.0942,1
P42337,59258965,1.41,1
Q2M2I8,5330514,,0
P33533,10568916,,0
P27958,122197885,3.14,1
Q9Y233,90454401,0.0393,1
P09619,130386185,3.81,1
Q04760,5237351,,0
P10721,71539705,,0
P04035,68350973,,0
P09483,44393478,0.0653,1
P03372,130232826,1.15,1
P33981,58531775,,0
Q9MYW9,54587218,,0
P23141,6763,3.11,1
O94782,117628838,,0
P14555,155523326,8.83,1
P28845,58171516,4.85,1
P08908,137642843,,0
O43570,145983306,,0
Q62968,77845300,6.07,1
Q01726,24739889,,0
P33535,71604569,,0
P00746,54585090,,0
Q06187,86580853,0.55,1
Q05397,58522565,0.601,1
P22437,18385728,9.73,1
O60674,2195983,,0
P54253,164616136,,0
O60674,89462072,3.19,1
P30968,91896291,,0
Q9Y233,56678898,,0
Q10469,122362778,3.68,1
Q04759,3160258,,0
P30557,11681599,,0
P51449,121303788,2.4,1
Q06187,10088960,,0
Q91WG0,10013998,6.34,1
O00329,130363140,1.68,1
P36888,133081975,4.17,1
P32249,117978912,2.7,1
P51681,137654935,,0
P41146,68632142,0.592,1
P36888,156013742,,0
P07861,44342310,4.17,1
P04629,67500217,5.88,1
P23458,90155316,,0
P23458,86343668,,0
Q06187,9808162,,0
P00523,5330147,7.0,1
Q14680,66715635,1.15,1
P01375,58329459,1.15,1
P56373,121295429,7.46,1
O94782,89745135,,0
P33535,68942376,,0
O35433,138403944,,0
P10415,117934018,,0
P30543,100137,,0
Q01959,11255359,0.459,1
O00329,90102000,0.43,1
P07861,44594666,,0
P07949,9931818,,0
P24723,134130688,,0
Q9UBN7,137638837,0.521,1
P07858,46879806,,0
P42336,155531296,0.544,1
O75116,155522776,,0
O00329,66655821,8.83,1
P41146,72945338,,0
P04150,118707977,10.1,1
Q07075,44365525,4.07,1
P04626,44440823,8.83,1
O77746,69597154,6.07,1
Q9NWZ3,11843157,,0
O00329,118575526,3.14,1
P07949,124199967,4.27,1
P33435,136341029,0.544,1
P03952,124131922,3.72,1
P00533,68283500,,0
Q9NWZ3,457346,,0
P10415,49847180,0.00755,1
P97266,44325320,0.592,1
O60674,44333373,,0
Q9H5I1,135281382,6.81,1
P46663,16108961,1.43,1
O75116,67959736,,0
P35968,71456314,,0
P19327,24949694,3.11,1
O14672,46926350,,0
P14600,24784193,1.99,1
P11309,71730635,0.387,1
Q96BI3,57385281,6.21,1
O00763,121399240,,0
P30547,44306023,0.987,1
Q9UBN7,142495304,5.6,1
O76074,57802808,,0
P28482,118380785,7.6,1
P14780,76902413,,0
P30874,44280541,0.355,1
O75116,57960946,,0
P41145,44300116,,0
P23458,118522434,2.45,1
P46098,71699771,,0
Q9NYK1,132271983,0.372,1
Q923Y8,137651756,,0
P29274,56944733,2.31,1
P08908,46225166,2.45,1
Q9UBN7,156889605,10.6,1
P07949,24854100,,0
P00742,11615338,,0
Q92731,136377576,2.05,1
P00734,44422682,,0
P17752,57381316,,0
Q13946,118937718,,0
P11309,67230525,0.601,1
Q08345,117920464,10.2,1
P97266,44570069,5.17,1
P23443,68081146,11.5,1
Q14680,118212391,,0
P04629,136002310,,0
P41145,46888359,,0
Q9R0C9,135408714,,0
P28702,10065757,9.46,1
Q16790,44406479,,0
O35505,11697858,1.49,1
P16234,130363405,,0
P43405,91896908,,0
O00329,57495350,11.1,1
O00408,136983036,8.59,1
P00742,44434829,2.71,1
O15554,57378874,,0
P19099,68182151,,0
Q9QYJ6,155517808,,0
P34995,10632230,,0
P35372,66828215,,0
P00734,134143526,,0
P28482,102594262,0.536,1
P43405,44276042,,0
P41148,145956368,10.2,1
P12390,1015929,,0
P03372,90405686,,0
P22607,86766754,2.17,1
P25100,1965647,,0
P00915,651937,,0
O60885,137631697,,0
P56817,58197640,4.94,1
P09874,145962718,0.313,1
P42866,70691644,1.03,1
Q9Y5Y4,89649102,4.14,1
Q12852,118873864,6.47,1
P23458,59548112,,0
P28482,76070975,0.313,1
Q99572,2208140,,0
P34903,9888315,0.485,1
P29274,156018317,,0
P21802,44304993,,0
Q9H7B4,155566734,0.601,1
P04150,70689821,5.97,1
P09483,44517274,0.0919,1
Q60492,70695077,0.0942,1
Q63634,121264060,,0
Q9NWZ3,90155056,2.04,1
Q9H228,59451870,1.68,1
P56817,4047161,,0
P04035,10015574,,0
Q9UGL1,5328107,,0
P00742,10311006,5.17,1
P16235,44315220,1.65,1
P27986,118708835,,0
P43405,134154515,,0
Q9UHD2,71295153,7.0,1
P56373,118579698,7.0,1
P08069,68272252,3.68,1
O70526,44591295,,0
Q8TDX7,3035817,1.18,1
P08473,20960921,,0
Q14164,118537694,5.5,1
P11217,11021405,,0
Q04771,139326534,7.32,1
P25774,71577215,0.412,1
O60674,117951104,0.907,1
P21556,21463422,5.45,1
O15379,44277294,,0
P13612,70681934,,0
O75116,45487337,,0
Q9Y2D0,11584106,,0
O60674,118256522,11.8,1
P27815,45140553,,0
O00459,134372840,8.37,1
P49841,121393215,,0
Q923Y8,145970698,,0
P20292,90313966,3.79,1
P00734,10669349,6.58,1
P46663,11561240,1.83,1
Q96BI3,44446195,0.331,1
Q12852,134435732,,0
P32247,59618620,2.85,1
Q9Y233,44419944,,0
O60674,53317010,2.85,1
P25099,754779,,0
Q5BJF2,10340708,,0
O08590,44538477,3.09,1
P00740,46209405,5.13,1
Q9NWZ3,90154677,1.68,1
P08069,77846095,,0
P35270,76283429,,0
P42336,67284605,2.93,1
P23975,3234998,,0
Q9H6Z9,71699750,3.39,1
P32249,73345549,,0
P51681,10280944,3.24,1
P01375,58329409,2.19,1
O75907,71538701,4.55,1
Q7Z2W7,118477379,0.43,1
P08842,10226998,1.15,1
P00742,56676447,,0
P04629,145968298,,0
P30419,44304084,,0
P28845,7509285,9.28,1
O00459,117704790,,0
Q13822,117829698,1.94,1
P36888,117927081,2.09,1
O94925,74982723,5.13,1
O43614,118206371,,0
P50579,71453953,,0
P49356,145954141,,0
Q13255,23634254,0.657,1
P25100,71698720,,0
P61169,10834528,5.13,1
P08069,118717618,,0
Q04759,121398572,,0
Q05655,45487571,11.9,1
P12931,118711614,,0
P49582,58826480,,0
P30968,11620431,3.07,1
Q923Y8,45101194,1.53,1
Q16539,10070331,5.6,1
P31213,156632953,,0
P35968,52946377,2.24,1
P49137,145976797,,0
Q9QYJ6,10363242,,0
P10417,117874511,7.46,1
P25103,44338546,9.84,1
P03470,90643662,11.8,1
O43614,118127824,3.19,1
P43143,44560500,,0
P11309,71465379,0.194,1
P17752,10109888,,0
Q9NYK1,155554464,,0
P52333,68358710,11.2,1
Q923Y9,71730506,,0
O19045,118365352,,0
Q9UBF8,44432334,,0
Q8NHM5,155516139,,0
P47820,134397391,,0
P20309,11006448,,0
P24864,129318961,,0
P37059,57401451,,0
P09874,44542366,6.03,1
Q9ERZ8,134374895,2.19,1
P43405,52947491,,0
P28845,850008,,0
P12931,118284066,1.15,1
P00519,134294498,1.1,1
P41145,44415676,11.7,1
Q05586,155555935,,0
P41145,71624554,0.0942,1
Q924U1,118435461,,0
P19020,44299913,1.16,1
P27815,10119564,0.601,1
Q9NR97,132272609,3.88,1
O95263,70684667,6.58,1
C7C422,145972641,,0
P20272,10983972,,0
P42336,44380305,,0
P07861,136213109,,0
P09581,24874846,6.61,1
P19020,9838664,,0
Q923Y9,45381418,,0
Q923Y9,44576687,,0
Q86V86,71253554,0.00755,1
Q9UM73,50942696,8.37,1
P23977,44371853,4.76,1
P12821,136016437,,0
P12822,10575777,10.6,1
Q16790,25138272,,0
P08069,68322702,,0
P41146,46229842,,0
P27487,86298831,,0
Q923Y8,24871531,0.201,1
O00767,24827524,,0
P07607,89993926,,0
O15530,126484726,,0
P14780,9868515,7.46,1
Q9R0C9,14039974,2.7,1
Q13490,118732584,2.29,1
P41143,11960239,,0
P23975,70676475,1.73,1
Q16873,122670176,8.83,1
Q923Y8,56967416,0.201,1
P33981,162370709,,0
P10827,9874938,0.556,1
P26662,44355973,,0
P24557,13557494,9.73,1
P17787,49788731,7.27,1
P31424,52951612,,0
P79400,10340828,9.71,1
P42336,162674531,3.78,1
Q15910,71261531,2.58,1
P17948,51000963,1.68,1
P43405,89866692,6.02,1
P17752,118097232,1.68,1
P05106,122422598,,0
P42866,71659625,0.19,1
Q9NWZ3,44327243,,0
P10275,130278371,,0
P36888,91970945,,0
O19045,10273747,3.39,1
O76083,11501465,,0
P20272,45268707,1.79,1
Q05397,91826224,,0
Q92542,44440650,11.5,1
P05979,16007065,2.09,1
Q06187,71222927,5.46,1
P35968,73346915,,0
P51681,71458167,,0
Q06187,145987765,0.601,1
Q14790,11257152,8.37,1
P14867,107704,0.745,1
P08908,11237863,6.72,1
P54750,21049437,,0
Q99685,44591874,,0
Q96BI3,44446153,0.933,1
Q9Y233,44434698,,0
P03468,25207948,,0
Q9NYK1,132271944,0.372,1
P12822,44315084,,0
O60674,134436367,,0
P00742,44330999,4.07,1
P14780,71583084,,0
P09874,16665848,2.45,1
P30530,121409083,0.212,1
P14600,24782913,4.36,1
C7C422,118263886,,0
P27487,145953726,0.378,1
P43235,56644983,,0
P0DMS8,9864945,11.3,1
P29274,10928011,1.55,1
P27815,155530812,,0
O75907,71110423,11.3,1
P16257,11653141,0.76,1
P05227,44422406,,0
P12931,21877027,,0
Q15858,155512152,,0
P15090,73441949,9.95,1
Q9Y233,16665775,,0
P15056,44336091,,0
P45983,19972519,,0
P13612,71666589,,0
P20292,90312981,3.79,1
O43570,76321689,11.8,1
P30872,16157479,0.2,1
Q15392,155562077,,0
Q9UBN7,118715728,10.6,1
P13866,89476761,7.46,1
P08913,23983765,,0
P30542,78427078,,0
P32300,24996924,,0
P09960,145953593,,0
O00767,45270672,4.17,1
P04150,45486442,11.7,1
Q60492,89497985,,0
Q9NR97,44587984,,0
Q10469,124201094,1.94,1
P11309,135311442,,0
Q12884,71718813,,0
P29274,130363373,,0
Q923Y9,71719877,,0
Q7L7X3,5279,0.136,1
P34972,11537652,0.52,1
Q92542,10316321,,0
Q13490,71449027,,0
O60259,44592195,,0
Q15761,44411395,,0
P34972,52949398,0.201,1
C7C422,11036991,,0
Q07820,118406995,2.6,1
Q923Y8,59323817,1.15,1
P42681,134145903,,0
P23458,58293084,5.6,1
P04629,91895732,,0
P30729,60165418,0.931,1
O60885,139341544,3.22,1
P31389,59627182,,0
O00400,145955669,,0
P23443,71516590,5.03,1
Q8QZV1,44455081,,0
P80209,71456200,10.2,1
Q14004,24824453,,0
O00408,122190217,,0
P30989,153321101,,0
Q96BI3,56834044,5.93,1
P24557,122497599,,0
P33535,10077295,0.208,1
Q86V86,68328089,3.07,1
Q9UM73,54577892,9.73,1
P56373,90445420,,0
Q9BYT3,46884842,,0
Q9Y5Y4,136241443,,0
Q29550,91340337,,0
P02766,67027545,,0
P41144,153274550,3.25,1
P56817,118004024,,0
O00141,90421048,0.878,1
P09874,25002232,0.784,1
P32238,134148369,,0
Q9NR97,155540315,,0
P26662,72714949,,0
Q9Z2Z8,6213230,,0
O70526,57960969,,0
Q96KB5,67447134,0.685,1
P31424,10573362,,0
P08069,86693162,,0
Q99835,5508795,7.4,1
P00533,1510378,,0
P48039,10019103,1.52,1
P32249,77846592,,0
Q16790,135434965,11.4,1
P49768,121596853,5.79,1
P19327,10598597,1.68,1
P21453,76334647,,0
P00918,90347602,,0
P01375,91819733,,0
Q15761,9924211,9.28,1
O75116,164627286,1.68,1
P20309,59548091,0.201,1
P30542,42632750,,0
P10415,117922105,,0
Q92542,44441998,9.05,1
P12390,44353261,,0
P21452,155548359,,0
P24863,126511934,7.76,1
P12822,44340963,0.000458,1
P00519,126961591,0.153,1
P09038,78323433,2.75,1
Q99720,44311613,5.17,1
P33535,53323108,,0
P11229,25034186,0.0902,1
P97477,122183752,,0
O00329,130363645,7.17,1
P97793,45271106,,0
Q01959,15550585,5.74,1
P56373,68021136,2.7,1
O00329,68405127,,0
P12390,11743150,,0
P04629,49869938,,0
P41143,156019278,,0
P05106,3242479,,0
P27487,23655077,10.6,1
P49674,118537166,7.14,1
Q05655,44253797,4.17,1
P00533,5569573,,0
Q5S007,118068613,,0
P35968,59394521,2.71,1
P27487,66560610,1.26,1
P42330,132166583,0.487,1
P50406,44406790,,0
O43570,4170,7.15,1
P43405,53234382,,0
Q02127,155209539,0.172,1
P04629,24816435,3.68,1
P31749,135971437,7.46,1
P49354,136213117,,0
P49840,10506376,,0
O60674,155552651,,0
P35968,46223480,1.06,1
O60674,127053796,0.0388,1
P28845,59635661,2.76,1
P17752,44435496,,0
P49892,1547,5.19,1
P23458,137214940,2.39,1
P25786,54586503,,0
P29274,59636769,,0
Q06187,155558540,,0
P35968,52947417,,0
P42330,132166675,0.544,1
P00375,13844738,3.25,1
P10721,137656917,7.0,1
P08842,10355971,3.54,1
P10415,85781111,,0
P21453,49835633,9.46,1
P43405,118023973,1.95,1
Q2NNR5,45271665,0.713,1
Q06187,58043992,1.99,1
Q13464,118663072,10.8,1
P42338,164623645,,0
Q9Y5Z0,24879234,,0
Q16539,10917396,,0
P50579,89454142,8.78,1
Q9HBH9,118508625,0.768,1
P33535,11779765,0.687,1
P34969,156240263,,0
Q969M7,39038262,,0
P35968,137659444,,0
P27487,57960865,,0
Q14397,89761475,6.53,1
O14965,90335185,,0
P29375,121279718,0.413,1
P09874,71777747,,0
P28482,118381154,0.657,1
O60427,10155282,,0
Q9NWZ3,130265932,3.93,1
Q06187,123928300,7.0,1
P00742,86270631,,0
O43570,44389995,6.3,1
P50406,23571065,,0
P0DMS8,11560605,3.66,1
P14867,44451918,,0
P0DMS8,71455623,4.92,1
O60674,137638822,,0
P10417,137129910,,0
P35408,1476756,,0
P07949,122179861,,0
P05093,121481842,3.29,1
P31749,86699282,11.5,1
P07949,3758,,0
O43614,15693951,,0
Q16539,23647629,5.13,1
P32239,10074702,0.601,1
P33981,118732122,3.54,1
P03372,90372451,3.78,1
P35968,10399576,,0
Q13639,86764908,,0
Q8WW43,127045252,,0
O60885,71616769,8.15,1
O76074,9985715,,0
P17752,118347898,,0
P49841,135976663,4.76,1
O35433,52943894,,0
O43613,124176281,,0
P28335,121428528,,0
P31749,71138252,2.34,1
P03372,71770309,,0
P48048,11562817,,0
Q05469,10293330,1.68,1
P17252,9928190,2.5,1
Q16739,118719903,11.9,1
P21453,10193915,0.43,1
Q96PY6,5162,,0
P28482,118047055,7.78,1
P23458,118531648,1.59,1
P28845,91049393,9.39,1
Q9QYJ6,58547809,3.72,1
Q02644,5766805,,0
P14780,11799753,5.99,1
P11229,124159675,,0
P56718,117637415,8.01,1
P41143,10412617,2.65,1
P56817,67979573,0.442,1
P27487,118550807,,0
P50406,44400803,5.17,1
P43166,91937535,,0
O60674,88561715,,0
P28482,68108534,,0
P15056,45486223,3.39,1
Q16539,23647640,2.29,1
O43613,90283382,,0
P25099,9929597,10.3,1
Q92542,45485456,0.236,1
P53985,24825269,6.16,1
P23458,124131749,,0
P42345,2358580,,0
P36888,137659742,3.99,1
P28845,24945482,2.65,1
O00329,121278049,,0
P19099,118706870,,0
P08253,11697283,0.223,1
P81908,132220124,,0
P41597,49865878,,0
O14976,145959760,9.14,1
P00742,123688273,,0
P49674,117667313,,0
P42681,15341903,,0
Q9QYJ6,86281207,0.319,1
O00141,86268988,4.22,1
P08253,89492440,,0
O70526,145980719,,0
P22455,68209319,3.49,1
P04150,118735784,,0
O75907,68682592,7.92,1
O95835,145744591,5.13,1
P17752,122531187,4.65,1
Q9HBH9,129256689,1.15,1
O75909,127046461,,0
Q05586,44443053,7.0,1
Q9Y233,71537867,1.26,1
P28335,122180976,6.12,1
P29274,10174023,6.58,1
C7C422,68234878,,0
P51681,44512349,0.768,1
P50613,44401371,,0
P00734,1623,2.58,1
P04629,44316752,,0
P70536,10415322,1.78,1
Q9Y5Z0,66558771,11.1,1
Q923Y8,68325517,1.79,1
P41146,44570675,3.11,1
P21452,134436543,,0
P43405,57401133,,0
P09874,164614247,1.68,1
P23458,90343795,4.65,1
O60563,134153731,4.17,1
O14684,71457292,,0
Q9Y233,136927882,0.601,1
P53350,59317830,,0
P12390,67471707,,0
P35372,44341266,0.592,1
Q9UM73,214654,,0
Q06187,78324339,6.86,1
P00533,118073560,2.42,1
P41597,57422289,,0
O75907,11172616,,0
Q06187,132231770,0.487,1
P34995,23696973,6.34,1
P15144,44458314,9.73,1
P06276,145979774,,0
P09874,58487712,7.82,1
O75116,44420119,,0
P42345,10626620,,0
P45452,126622127,,0
P08473,89523070,4.55,1
Q13639,10369374,,0
O60674,117951063,0.736,1
P11309,135927973,3.79,1
P33981,273360,,0
P49810,134132676,,0
Q9UHD2,118537715,1.81,1
Q04759,46881506,7.0,1
P41144,59508260,,0
P11802,58299825,4.41,1
P34972,24971331,,0
P97612,44326888,,0
Q08881,12017599,,0
P41146,44574962,11.2,1
P49286,44253170,,0
P81908,44610518,,0
P29275,155535433,,0
Q9NR97,71482644,,0
P33535,45260687,,0
P20309,21847,0.601,1
P42345,58073074,2.19,1
P12931,66763141,,0
O96017,118945691,,0
P42336,290230,,0
Q9NYK1,57378516,,0
O60674,86692141,0.0388,1
P33981,73389511,1.15,1
P45983,54764593,2.19,1
Q13822,122445825,1.15,1
P41145,57340766,0.415,1
Q06187,46906141,,0
Q15761,135480682,,0
O00459,90114188,,0
P23458,122362804,,0
P49841,45482750,9.73,1
O00408,136982817,3.25,1
C7C422,71277591,,0
P20309,46880327,,0
P42336,45260064,,0
P31644,118256854,,0
P31751,45141815,5.6,1
O60674,137158490,0.168,1
P04150,76073580,1.22,1
O14965,53339204,6.08,1
P28845,44481766,,0
Q9Y5Y4,71711576,1.78,1
Q923Y8,56967599,0.784,1
Q16539,23433741,8.69,1
O43614,9981617,,0
P26662,71457402,,0
O43614,130364478,,0
P51681,70642243,,0
P00740,44396619,,0
P15056,68186559,0.313,1
O14965,66763392,0.151,1
O00329,121245219,1.15,1
P50406,69082371,,0
P20309,156022051,,0
P13612,45485808,0.138,1
P32835,817029,,0
O60674,50922915,0.0145,1
P47871,11814151,3.49,1
Q08881,44588579,5.13,1
Q96KB5,67450018,6.53,1
Q92542,127034410,,0
Q05397,46208854,5.13,1
O00329,60202338,9.73,1
P20292,10835916,,0
P08709,23573408,,0
P33535,9809562,0.2605,1
Q9Y5Y4,11532832,,0
Q06187,44435606,,0
O15379,44372539,,0
Q99527,46881666,,0
P00918,70301391,,0
O14939,50902978,6.07,1
Q08881,44576887,,0
P00519,44353271,,0
P12821,44586759,1.36,1
P30968,118986795,,0
P05093,117979049,4.65,1
P41144,78320672,,0
P08842,70368661,,0
P06276,91808463,,0
P41144,5283731,,0
P09874,127035739,8.64,1
P22607,10127593,,0
P03372,25271147,,0
P0DMS8,96544,,0
Q02156,2703,11.5,1
P15056,68035760,1.68,1
P27487,44420401,,0
P34975,44326275,0.229,1
P35563,44315939,1.9,1
P81721,135286350,,0
P07949,134164103,5.22,1
P34903,18406937,0.381,1
P49356,86269204,,0
P25103,73265452,0.0508,1
P11802,58299783,5.6,1
O43570,137028517,7.15,1
P00742,44363301,,0
P29371,42603881,,0
P23458,118522804,0.639,1
Q9UM73,56653076,6.859999999999999,1
Q9Y233,71520768,,0
Q13324,73351515,2.7,1
P23458,118253713,3.09,1
P61169,10252320,2.7,1
P00746,68283500,8.37,1
P10415,44347933,,0
P11511,127052880,10.6,1
P97612,145988915,,0
O00519,45279725,,0
P07308,89435075,,0
P97612,44562149,3.34,1
O55242,10004516,2.45,1
P34969,25256855,9.46,1
P30411,162645344,,0
Q9NR97,89596552,,0
P00519,71115003,0.312,1
P21730,53759588,,0
Q9H244,10789674,,0
P22455,25105708,,0
Q9NR97,24901518,,0
Q15858,10717572,,0
O60674,137216682,0.629,1
P23975,132089081,0.574,1
Q9Y5Y4,45486074,1.15,1
P52333,2120347,,0
P12390,164621985,,0
O75460,136359130,,0
O60885,90018193,6.72,1
P29371,86274488,9.68,1
Q14416,72197632,,0
P49810,164615522,,0
P00533,57392588,3.68,1
P41146,90654756,0.0586,1
P29274,127053794,,0
P21452,162650676,,0
P29274,155534659,10.5,1
P46098,76309734,9.89,1
P41144,15697375,0.509,1
O60674,11091653,,0
P08908,9981322,0.845,1
P09874,45277129,,0
P31644,76330256,2.05,1
Q9Y5Y4,58511876,,0
P21731,15024086,0.965,1
P31213,49872488,,0
P04626,68035627,,0
Q9NR97,44608758,,0
P00375,72548925,,0
Q60492,57393936,10.5,1
Q9Y5Y4,44159773,3.36,1
Q8NER1,67439038,2.85,1
P43405,89858635,5.22,1
P11309,13537950,,0
P33032,5328725,,0
P46663,2383099,,0
P16184,164614781,,0
P28335,89536088,,0
Q14164,71525884,,0
P10646,155526378,4.05,1
P03956,44339654,2.75,1
Q9H5I1,135335022,1.08,1
P51449,36223059,,0
O60674,59612410,2.21,1
P25103,10067789,,0
Q9Y233,76073239,2.32,1
Q9BYF1,44455430,1.66,1
P23458,49781891,,0
O00141,136213171,0.878,1
Q02127,129126856,1.31,1
P49674,118734451,,0
P03372,132272410,,0
Q06187,118494236,3.68,1
P39900,11508259,10.9,1
Q07889,44560442,,0
P00519,72203145,6.53,1
P35408,76282477,6.58,1
P12390,44299207,0.482,1
P23458,89473484,6.08,1
P00750,56677124,,0
P11309,58300205,,0
O60674,164626361,,0
P00742,44429110,6.53,1
P20309,15057856,0.0974,1
Q07817,90408748,,0
Q923Y8,68325622,0.907,1
Q9UHD2,127048505,,0
P52333,145987765,0.818,1
P52699,11545321,,0
P56221,127040695,,0
Q96RI0,72192131,0.442,1
P07949,15673447,,0
P41143,57390216,0.0494,1
P07384,44367195,8.37,1
P22455,134135888,3.72,1
O75716,11984591,0.621,1
P14902,138544257,8.37,1
Q9Y233,89650222,9.05,1
P19020,72705190,,0
P25103,2933345,,0
P09960,44318886,6.07,1
Q9GZT9,121245332,2.09,1
P41146,24894768,,0
P48039,11002840,9.73,1
P35968,59612445,,0
P56718,25000921,,0
P35367,46884736,2.71,1
P51449,71612303,6.53,1
P00918,45265151,6.06,1
C7C422,2876938,,0
Q07889,44309852,,0
P33535,10894730,,0
Q14416,124185825,,0
P61169,11089340,3.92,1
P23458,129269792,2.05,1
P56524,118307977,,0
Q01959,57520587,,0
O60674,44574053,,0
P43220,56673122,,0
P30553,10815039,0.763,1
Q9UHD2,70676325,,0
P12821,15380820,2.39,1
P11309,129104732,,0
P04629,67500744,1.78,1
P08709,122164611,0.136,1
P0DMS8,16094559,3.52,1
O00329,70674360,3.93,1
P32300,44400177,0.878,1
Q14416,11772601,10.7,1
Q07817,91809426,,0
P35968,117793195,,0
P36888,71575642,6.39,1
P41968,73673433,,0
Q13822,54769351,,0
Q9JHI9,129067386,2.19,1
P08909,483363,,0
Q9QYJ6,58547856,5.69,1
Q13822,44395430,,0
P27338,14953547,7.92,1
P51946,90479851,,0
P35968,46235541,,0
P78527,25169574,6.07,1
P04626,132143255,6.85,1
O00141,153325474,,0
P08172,162664462,,0
P08473,44278264,,0
P46925,136130281,,0
Q9Y233,90383215,2.7,1
P12821,132141381,,0
P15056,72193890,,0
Q9HBH9,118145781,4.65,1
O00408,6439644,,0
P29371,44591375,,0
P43166,73776641,5.41,1
P23458,50906783,5.13,1
P11309,54586387,,0
P35372,86582597,0.388,1
Q9NR97,56652646,,0
O15379,56676500,11.1,1
P26662,133081780,,0
P23458,44568927,,0
P23458,70683317,,0
P28845,162661734,,0
P20309,44430454,1.53,1
Q96RI0,72201422,6.53,1
O00329,781371,,0
P49768,155526641,8.83,1
P49286,44349362,10.3,1
P42892,58072951,,0
P00533,71555095,,0
P00734,118873287,,0
P41145,44268619,,0
P30530,514093,,0
P41143,44345048,,0
P27487,136929956,,0
Q9NYK1,132272139,0.254,1
P42345,60148793,3.68,1
O00408,73350007,,0
Q923Y8,1913827,,0
P35563,57391435,0.234,1
O60674,118986974,,0
Q04631,57839380,,0
P31644,67750911,,0
Q9NR97,137642788,,0
P29274,57396935,4.62,1
P19327,118190855,0.151,1
O43614,44441201,,0
Q9UBN7,137661620,0.0942,1
P00519,155557661,,0
Q9BUB5,118508640,10.6,1
P36888,11331136,,0
P00533,70685871,1.26,1
P21802,134157853,1.15,1
P35968,22181345,,0
Q08345,117921475,10.6,1
P04150,129304702,8.24,1
P27487,49797612,4.17,1
P28482,118030039,8.83,1
P70536,70685218,,0
O43603,91898917,2.9,1
Q9NS75,118508590,,0
Q92542,45262054,,0
P29275,44322225,,0
P53051,118469967,,0
P39900,44224245,0.987,1
O60674,89471518,3.19,1
O75116,84973065,0.132,1
Q07075,14639078,,0
O00329,25254071,1.85,1
Q06187,155546799,,0
Q9Y5Y4,45279898,,0
P06479,145969558,,0
Q9NYK1,10087126,,0
Q06187,121294225,0.194,1
P00519,71605048,0.969,1
P30969,16196648,,0
P21730,46883828,,0
Q9Y5Z0,27844286,,0
Q9UGL1,86342130,,0
P14867,9865233,0.742,1
Q06187,155307524,9.23,1
P48775,49865643,,0
O14965,71273879,,0
O00519,11704069,7.23,1
O60674,136214467,0.845,1
P41145,118263868,1.15,1
Q9NR97,10371624,,0
Q02763,121397657,,0
Q8WXS5,44419759,,0
Q9NWZ3,90155028,1.1,1
P28523,135823066,2.45,1
P26662,87408897,,0
P00740,90060527,0.084,1
Q5S007,44335712,,0
P56817,90373092,2.04,1
Q99572,50991586,,0
Q96PY6,71240235,,0
Q14680,44328360,,0
P31639,90229434,,0
Q04771,117852263,,0
P16257,13272349,2.7,1
P56373,53326716,,0
P10415,67227143,0.468,1
P00533,162353381,,0
O43570,91899614,,0
P15056,46880136,0.242,1
O00459,134372827,3.68,1
P25774,117913987,2.14,1
O75907,67975321,8.37,1
P12527,11760507,,0
P56817,68239049,6.53,1
P35968,124182537,,0
P08922,121595831,,0
P19020,162667251,,0
Q15858,51001462,,0
P32239,121225001,,0
C7C422,135150163,0.216,1
Q8NER1,58972648,5.13,1
P00734,70697140,,0
P43405,121255320,4.17,1
Q9Y233,68680505,,0
P30530,45267530,,0
P21556,90654794,,0
P34972,71599275,0.601,1
Q9UIQ6,118549473,3.14,1
P35372,56682555,,0
P56373,86292072,,0
P43235,60195812,1.15,1
P13866,89476655,3.59,1
Q9UBU7,59394267,,0
Q60492,10719212,,0
P61169,10717702,10.2,1
P12931,60167281,,0
P14780,11243200,,0
Q14524,90216718,6.3,1
P56817,90372825,0.601,1
P49674,44343678,,0
P15056,77014414,2.7,1
P04629,122498069,,0
P24557,12870472,7.92,1
Q16790,71607952,9.16,1
P17252,132253725,,0
P0DMS8,10011110,,0
O60674,87279355,,0
P51449,138805808,5.66,1
P13612,44439735,,0
P09917,122185743,,0
P00742,53317511,,0
Q9UM73,129147988,8.37,1
Q9UM73,66834353,1.11,1
P25103,71770312,,0
P08172,9928017,1.04,1
O00767,59323628,,0
P34972,10388627,,0
P52699,137537716,0.0698,1
P61169,71235080,,0
O14672,45487400,9.73,1
O43318,132819865,3.83,1
P00742,58777746,2.19,1
P23975,46834537,1.15,1
P30547,15542871,2.7,1
P43220,9885465,,0
P35968,44324728,,0
Q9QZN9,45110434,1.41,1
P00519,135820173,3.68,1
P35367,155556183,3.13,1
O00311,137633685,,0
P23977,44402573,,0
Q9H3N8,71551636,4.01,1
P32239,44381358,0.0539,1
P49286,71716973,,0
P12931,44303538,2.39,1
P00533,129189484,0.878,1
Q8WW43,44432780,6.53,1
Q9BUB5,447362,,0
P08049,14557663,2.7,1
P26663,135874110,8.83,1
P51681,91931825,2.19,1
P30968,53318340,,0
P09470,5462501,5.95,1
P11309,73438409,0.0384,1
P49356,56664853,1.26,1
P53634,2013382,,0
P0DMS8,25212376,11.8,1
P00742,21366482,1.08,1
P33533,10474095,1.79,1
P29274,70169757,,0
O00329,58071832,,0
O15379,44472966,,0
Q9Y233,75201308,1.68,1
O75907,89831432,1.99,1
Q8K3T4,12002201,5.87,1
P23458,56991531,,0
P12390,11323701,0.968,1
P25774,71679875,1.63,1
P28482,72949908,,0
Q9UBN7,60164725,6.02,1
Q99720,44329727,,0
P11309,58284915,,0
O00329,136035725,,0
P52333,44595079,4.17,1
P04629,118253145,3.39,1
P35610,139422785,,0
Q9GZT9,71451952,,0
P00742,9826433,6.07,1
P30553,146502909,,0
P35368,11200086,10.6,1
P24557,91928960,1.31,1
P25103,10140125,10.8,1
P51449,122627522,3.61,1
Q64663,86271206,3.39,1
P03372,56664974,,0
O00329,155532329,,0
P35270,90655815,,0
P49768,145978287,,0
P04629,118393372,0.657,1
O00329,13953801,,0
P20309,24987648,,0
P04629,118392497,7.92,1
P43405,20055509,,0
O70536,73348235,6.53,1
P25103,10590469,,0
Q01064,132273478,4.07,1
P08253,9941371,0.0252,1
P23458,3120384,,0
P42345,10389832,,0
P13516,54470642,,0
Q2M2I8,118880539,3.68,1
P19793,44571492,,0
Q07817,134140441,0.601,1
P41145,73295188,11.9,1
P37231,44190592,0.601,1
P31639,53328679,1.27,1
P25103,72707356,,0
P34972,11653233,5.01,1
P21917,44576404,,0
Q06187,71230726,7.92,1
Q06187,46852451,,0
P41145,118264021,5.6,1
P14740,134199570,,0
P21452,10508281,0.0942,1
Q9Y5Y4,90479860,8.37,1
P25103,145948955,4.34,1
Q15761,44271517,9.73,1
Q86V86,86766668,,0
P11511,124222802,,0
P31639,23625076,,0
O15379,122648648,1.83,1
P19793,130309777,9.28,1
Q9NWZ3,90155131,2.24,1
Q06187,118519878,0.488,1
P61169,9952220,0.478,1
P31639,71110572,4.48,1
P52699,118266416,6.3,1
P30547,44609099,,0
P35372,76331636,8.33,1
P17752,122531201,3.68,1
P49683,66690186,3.79,1
P27958,164617385,,0
P23975,118937629,,0
P52333,68358704,4.22,1
Q9NR97,58483593,,0
P42785,47420565,,0
P56817,110298324,8.96,1
P29122,137631479,0.312,1
P10721,24880043,6.53,1
Q9Y5Y4,56642660,,0
P12390,46231134,0.209,1
P32300,117852377,,0
P35372,4374682,,0
P07949,134164144,1.1,1
P28335,9839057,0.0162,1
P35408,46232472,,0
P19020,60210882,,0
P10415,117874211,3.19,1
Q15116,164621739,7.32,1
P51449,73776070,,0
P19099,25034349,3.64,1
Q9NWZ3,57520776,,0
P14867,1345,8.73,1
O43570,462919,8.59,1
P25103,11144311,,0
P41968,16154396,1.3,1
O00329,118440573,,0
P36888,4395717,,0
Q06187,71656932,1.39,1
P25103,11744063,,0
P43405,25065929,,0
P04150,82153,3.21,1
P28482,71577255,,0
P49356,11069519,9.37,1
P41143,44267339,,0
P00742,118523110,,0
P00519,68004121,,0
Q9Y233,90368209,,0
O60563,50907645,0.0016,1
Q06187,117779915,,0
P12390,56595564,4.03,1
O75908,71561175,2.7,1
Q05941,57334716,0.159,1
P13726,44403003,11.1,1
P30968,16146884,5.5,1
P05106,25124880,,0
P30530,49766557,,0
P22455,11071001,,0
O00408,16094419,,0
O75173,91826357,,0
Q06187,9994707,,0
P25105,44273282,7.46,1
P12931,89908065,,0
P04626,44330533,,0
P05106,90331479,,0
Q9UBN7,137660128,11.4,1
P00918,44395685,10.2,1
P46098,59492696,,0
Q923Y8,127044838,,0
P33533,45264257,10.0,1
P10415,67127009,0.0308,1
P46663,44401833,,0
P04629,118341199,5.74,1
O60674,117950898,0.415,1
P33535,12824285,,0
Q99835,58017084,,0
P45452,71814687,1.99,1
P43235,11476420,,0
O14684,88539226,1.15,1
Q14164,70685233,4.65,1
P06881,127028128,7.0,1
P22607,10615787,,0
P11309,2745062,,0
P20272,46231251,2.07,1
P04150,44433502,2.32,1
P42785,2079240,,0
P00533,57333996,5.36,1
P34972,155515441,5.56,1
P33981,66563083,1.47,1
P03372,25110672,5.32,1
O00763,122497718,4.17,1
P17948,86290321,3.93,1
P30969,44380271,3.93,1
P06239,21994914,2.19,1
P80457,58437400,8.1,1
P08908,89447355,,0
P42680,134277748,1.74,1
P41143,71667415,,0
Q01726,88944296,0.604,1
P0DMS8,50940961,7.15,1
P29274,89473542,,0
P03372,135277093,0.476,1
P31751,24777773,,0
P11309,117921184,,0
P51686,5487475,,0
P19020,3345,,0
P41144,51361280,,0
Q14164,44586225,,0
Q9Y233,122196343,1.52,1
Q92769,14198563,,0
P07339,2997875,,0
P28221,10150796,0.257,1
P31749,11334596,,0
P27487,16090844,3.79,1
P00742,9871743,,0
Q06187,16735841,,0
P22607,122474096,9.73,1
P0DMS8,1625750,,0
P41279,44405512,7.0,1
Q13258,44348873,,0
P35372,67183215,0.121,1
P41144,44380472,3.93,1
P12931,14978321,,0
Q96BI3,58548177,,0
Q9Y233,102115979,,0
P20272,56602805,,0
P19784,24776397,,0
P28482,46879514,,0
P23458,73055592,,0
O43570,162676073,8.01,1
P78527,118966403,2.7,1
P97612,67163351,,0
P52333,86301460,2.7,1
P22607,1473962,,0
P04278,11954153,1.8,1
O43613,72700698,1.78,1
Q9Y2D0,145961631,7.58,1
P21453,53339657,0.713,1
Q9R0C9,10786587,0.878,1
P42336,155140412,,0
P04150,71466050,,0
Q9Y233,53328448,2.19,1
P10980,9815331,7.69,1
Q92847,122180026,7.91,1
P08913,44330368,2.31,1
P15056,9804849,,0
P05362,9873782,,0
P16234,35502062,,0
Q92769,44264631,,0
P32300,44378537,0.272,1
P41144,71454079,1.28,1
Q923Y9,67240629,0.784,1
Q9UKE5,10657726,,0
Q07343,16733400,,0
Q15761,155533579,,0
