UniProt_ID,pubchem_cid,y_true,y_pred,y_proba
P35372,57900045,1,1,0.99979776
P33533,71718053,1,1,0.99747074
P35372,86291190,1,1,0.9989625
Q16769,60194765,1,1,0.99956304
Q13177,91664373,1,1,0.9993443
P42336,44609388,1,1,0.9992586
P00742,10142920,1,1,0.9994615
P23977,10575207,1,1,0.99977714
O43614,24808514,1,1,0.9994855
P23977,44335536,1,1,0.9994042
P00742,44376328,1,1,0.820998
P42336,72710568,0,0,0.14272341
P17948,42642645,1,1,0.9994611
P00742,53316387,1,1,0.99795604
P00742,72710568,0,1,0.6416116
P42336,67535551,1,1,0.99979573
O00444,44259,1,1,0.9997664
P21452,9915372,1,1,0.9995609
P35372,86291191,1,1,0.9991899
P00742,21366636,1,1,0.99951756
Q92542,164615079,1,1,0.99748373
P00742,21366654,1,1,0.9993241
P23977,10623172,1,1,0.9995005
Q9UBU7,778172,0,0,0.083145894
O43614,74222326,1,1,0.9997032
P00742,9959749,1,1,0.99956495
Q14524,118120545,1,1,0.9978156
P19020,3151,1,1,0.99949586
Q07817,16109064,1,1,0.99904937
P42336,52936850,1,1,0.9997147
Q13464,16124479,1,1,0.9991841
P07607,136078518,1,1,0.56396204
P42336,53318295,1,1,0.9954177
P41738,6712941,1,1,0.99950063
P42336,51348054,1,1,0.999619
P35372,44427183,1,1,0.99870706
P36507,44259,1,1,0.99980074
P19793,10938844,1,1,0.98947424
P56524,127027283,0,0,0.011641818
P00742,44386934,1,1,0.9995197
P11511,339906,1,1,0.9994886
P00915,126842604,1,1,0.9995541
P19793,9868664,1,1,0.99288565
P49841,6539367,1,1,0.9996735
P11511,11347268,1,1,0.9983308
P51449,156011461,1,1,0.9987645
P51449,74223744,1,1,0.99936146
P51449,118185739,1,1,0.99652356
P19020,119570,1,0,0.413696
P42866,5360515,1,1,0.9994825
P23443,25118925,1,1,0.99965954
O43614,73673388,1,1,0.9973882
P21452,25109291,1,1,0.9987185
P57059,44259,1,1,0.99944264
P51449,118022817,1,1,0.9976878
P00338,121457774,1,1,0.999119
P11511,44275331,1,1,0.9988527
P00742,44274046,1,1,0.9993389
P00519,58172700,1,1,0.9996136
P00915,126842613,1,1,0.9995912
P35372,644073,1,1,0.99848396
I6WXK4,156020577,1,1,0.9987453
P35372,16720749,1,1,0.9988857
P51449,138805804,1,1,0.9985266
Q92542,164611716,1,1,0.99792385
Q9UBN7,153408403,1,1,0.99971646
P41145,16087271,1,1,0.99968004
P00742,11523750,1,1,0.9989893
P49841,135398495,1,1,0.9995276
P11511,14068937,1,1,0.9978587
P51449,74221008,1,1,0.99900275
P19793,44353441,1,1,0.9972168
P00915,164623365,1,1,0.9992279
P34972,60194934,1,1,0.9985002
Q8JZL2,11236807,1,1,0.9998167
P51681,112500049,1,1,0.99956554
P25105,5312127,1,1,0.9982521
P31421,9819927,1,1,0.99871135
O43614,71526208,1,1,0.99893814
P00519,5328940,1,1,0.99940014
O43614,118715609,1,1,0.9998258
P51449,118022294,1,1,0.9975388
P19793,9889347,1,1,0.99718887
P31421,11279365,1,1,0.9978897
P27986,151325265,1,1,0.99958795
O43614,49798002,1,1,0.9995472
Q16769,46181198,1,1,0.9997166
O95264,6337614,1,1,0.9988555
Q96BI3,164615079,1,1,0.9979849
P35372,16094377,1,1,0.99920183
O43614,74221990,1,1,0.9995548
Q96BI3,44432592,1,1,0.9997745
P34972,71449726,1,1,0.977935
P36888,44299148,1,1,0.99972004
Q03181,6603901,1,1,0.9956642
P42336,44610316,1,1,0.9995322
P33533,15930294,1,1,0.9995995
P00813,10480325,1,1,0.99911743
P31749,44591844,1,1,0.99963367
P00742,44386116,1,1,0.99955016
P23977,9910220,1,1,0.99951124
P35372,16006949,1,1,0.9997701
P30543,10839674,1,1,0.99527717
P02766,23656595,1,1,0.9993544
P00742,9895762,1,1,0.9995098
P03956,10001582,1,1,0.99957246
O43614,24882716,1,1,0.99969447
P00491,136020077,1,1,0.9974533
Q9Y2K2,44259,1,1,0.9995389
P51449,156017573,1,1,0.9760227
P19327,5684,1,1,0.9993332
Q13976,16121514,1,1,0.99680305
P00742,11583256,1,1,0.99854493
P11511,2187,1,1,0.9994777
P23977,22896847,1,1,0.9994947
P35372,16094389,1,1,0.99929845
P41145,44592086,1,1,0.9996207
P23977,44295975,1,1,0.999091
P41145,44273397,1,1,0.999686
P51449,156012220,1,1,0.9958912
Q07817,16109090,1,1,0.99902546
P42336,44608757,1,1,0.99956006
O43614,91801202,1,1,0.99882656
Q92769,6918837,1,1,0.9995937
P42336,137657429,1,1,0.9996076
Q07817,16109142,1,1,0.99913675
P23977,9914327,1,1,0.9997962
P51449,72548703,1,1,0.9991891
Q86V86,46179018,1,1,0.99884015
P23977,10574676,1,1,0.9996952
P41145,54586810,1,1,0.9986834
P51449,138805725,1,1,0.9811854
P42336,53323641,1,1,0.99950707
P00742,10205659,1,1,0.99968624
P00915,126842610,1,1,0.9995834
P51449,118031318,1,1,0.9944517
P41145,44417373,1,1,0.99968946
P35372,56847097,1,1,0.9991604
P41145,137434175,1,1,0.9987124
P19793,44353481,1,1,0.9869955
P51449,117868449,1,1,0.9991598
P19327,10108245,1,1,0.99713707
P34972,155545892,1,1,0.9995634
P23443,16121514,1,1,0.99675995
P47900,90643796,1,1,0.9996111
O00444,58486129,1,1,0.99953735
P00376,5578,1,1,0.99845517
P21731,5312142,1,1,0.99970466
P51681,49871007,1,1,0.9984812
P02766,23656591,1,1,0.9993968
P42336,50925576,1,1,0.99980944
P13497,10271604,1,1,0.9979286
P35372,16094367,1,1,0.9997508
P35372,117862197,1,1,0.9997776
P19327,11957570,1,1,0.99925
Q07817,46836568,1,1,0.9946832
Q92769,11538455,1,1,0.999652
Q86V86,46178460,1,1,0.99952364
Q9BXF3,72710568,0,0,0.41479638
P35372,44597714,1,1,0.99323905
P23385,744275,1,1,0.999345
P23977,44364342,1,1,0.99970967
P00742,9953722,1,1,0.999116
P00742,44386059,1,1,0.9994209
P21917,10643697,1,1,0.9988751
P35372,16087272,1,1,0.99971443
P19327,11732856,0,0,0.098952666
P41145,10462426,1,1,0.999054
P11511,10565166,1,1,0.99857914
P34972,68908346,1,1,0.99743795
O76074,135400189,1,1,0.9980502
P31749,71138407,1,1,0.99936205
P35372,44597597,1,1,0.9899177
P03956,9872886,1,1,0.99956805
O43614,73673264,1,1,0.9980564
P18858,16736630,1,1,0.9993492
P08254,10343996,1,1,0.99964094
P00742,44284786,1,1,0.99941874
P51449,138805756,1,1,0.99406636
P51449,118186054,1,1,0.99532217
O43614,76072813,1,1,0.9995034
P51449,118188704,1,1,0.99926084
Q15835,44259,1,1,0.99976355
P18858,16736628,1,1,0.9996164
P42336,58204711,1,1,0.9995346
P51449,118023050,1,1,0.9974657
Q8IU85,44259,1,1,0.9997619
P19327,10158434,1,1,0.9997496
Q96BI3,44432554,1,1,0.9996729
P50750,11285002,1,1,0.9996284
O43614,25128145,1,1,0.99980897
P00338,131955127,1,1,0.99942964
Q07817,16109162,1,1,0.9988004
P09960,123982,1,1,0.99869496
P18858,16738134,1,1,0.99965894
P42866,5359272,1,1,0.998755
P33533,16757073,0,1,0.53024447
P53350,11364421,1,1,0.99930596
O43614,117668910,1,1,0.9993094
P51449,118006492,1,1,0.995665
P19327,44186668,0,0,0.025651809
P19327,14978223,1,1,0.99921846
P34972,11618679,1,1,0.9994789
P00742,44274089,1,1,0.9995129
O00444,58486178,1,1,0.9987991
P51681,5479843,1,1,0.9990798
P51449,118186156,1,1,0.9964007
Q9BXF3,155564694,1,1,0.99892163
P51449,156015132,1,1,0.9987525
P35372,6540640,1,1,0.99962294
P35372,5359272,1,1,0.9985856
P18858,16736437,1,1,0.99961865
P49841,10138980,1,1,0.9995808
P35372,16109098,0,1,0.9989819
O43614,73673516,1,1,0.9994061
P51449,118021661,1,1,0.9929979
P18858,16736010,1,1,0.9997222
P36888,71575642,1,1,0.99969935
P19327,10014217,1,1,0.99905866
P31749,46886550,1,1,0.99909484
P35372,58443192,1,1,0.9997713
P17948,135398510,1,1,0.99710804
P18858,16736627,1,1,0.9996555
Q07817,50994459,0,1,0.8204686
P35372,72710568,0,0,0.04039373
P51449,138805822,1,1,0.99207014
P31751,46843057,1,1,0.9995121
P51449,118185675,1,1,0.9980702
P23385,11530404,1,1,0.99936515
P03956,23645535,1,1,0.9988432
Q99808,45487313,1,1,0.881016
P51449,74223842,1,1,0.99912626
P21917,11738728,1,1,0.9992411
P35372,130287806,1,1,0.99909306
Q07817,16109068,1,1,0.9990212
P19020,44567289,1,1,0.9997085
P31749,51042438,1,1,0.9996587
P51449,118185705,1,1,0.99590236
P17948,9933475,1,1,0.9994466
P19327,11123104,1,1,0.9994374
O43614,24964578,1,1,0.9994305
Q96BI3,44432550,1,1,0.9996729
P42336,53363529,1,1,0.99967206
Q9NQS7,46885626,1,1,0.9994868
P51449,118185670,1,1,0.99922204
P42336,46913418,1,1,0.9997204
P23977,44330229,1,1,0.999668
P51449,138805836,1,1,0.9957039
P34972,25160840,1,1,0.9981359
P19327,28864,1,1,0.9997011
P35372,86582906,1,1,0.99937254
O43614,137662108,1,1,0.9990571
P23526,5358592,1,1,0.9979109
P19793,9952045,1,1,0.9931035
P41145,162660075,1,1,0.99884844
P17948,6450551,1,1,0.9997762
P41145,162665925,1,1,0.9984792
P35372,16720650,1,1,0.99868184
Q9BXF3,155531635,1,1,0.99900925
P20272,104895,1,1,0.99789834
P35372,3033053,1,1,0.998221
Q9UBN7,155559279,1,1,0.99918157
P34972,101882737,1,1,0.99922204
P18858,16737010,1,1,0.9995999
P35372,16083055,1,1,0.99936205
O43614,24965291,1,1,0.9989742
P35372,86582748,1,1,0.99855
P35372,10449693,1,1,0.99947053
P20272,104850,1,1,0.9995646
P51449,121302152,1,1,0.9986228
P51681,3001322,1,1,0.99946004
O43614,73673386,1,1,0.99801624
P35372,5361092,1,1,0.9994192
P21452,104974,1,1,0.9993672
P08254,466151,1,1,0.9998442
P31749,71138552,1,1,0.9996619
P35372,16094387,1,1,0.99960655
P00742,44385447,1,1,0.9997359
P21452,163828,1,1,0.9950831
P42336,118436056,1,1,0.9988656
P53985,5282542,1,1,0.96097213
P34972,101882736,1,1,0.9993199
P36888,11427553,1,1,0.9997278
P17948,11485656,1,1,0.9993623
P51449,118022425,1,1,0.9990262
P35372,9804450,1,1,0.99930894
P35372,16094343,1,1,0.9997408
P18858,16736619,1,1,0.9996958
P00742,44387165,1,1,0.99973696
P51449,118022890,1,1,0.99751955
P50750,71300299,1,1,0.9994796
O43614,73673518,1,1,0.99879634
P42336,118436386,1,1,0.99952245
Q9UBN7,53648656,1,1,0.9974172
P33533,71308736,1,1,0.99545383
P00742,10273747,1,1,0.9976947
P33533,10055958,1,1,0.9959637
P47900,90643797,1,1,0.9995409
P51449,156011169,1,1,0.9963575
P17948,10113978,1,1,0.9995573
P43235,44348385,1,1,0.99970347
O43614,46868665,1,1,0.99961
P21452,5311311,1,1,0.9989046
P36888,137499291,1,1,0.998059
P00742,10389039,1,1,0.9992287
P19327,6603866,1,1,0.99899846
P30543,133012,1,1,0.9905228
P23977,10096087,1,1,0.99960905
P49684,44206680,1,1,0.9985305
Q86V86,44259,1,1,0.99973077
P00742,44273754,1,1,0.9996412
P19793,44353336,1,1,0.9977725
P00742,91970961,1,1,0.99865735
P42336,58204703,1,1,0.99924445
P51449,138805706,1,1,0.99846137
P35372,57412945,1,1,0.99953496
P35372,16094394,1,1,0.9997228
P31749,11959314,1,1,0.99916303
O43614,90654338,1,1,0.9996582
P51449,86715463,1,1,0.99888426
P18858,16736009,1,1,0.9997929
P31751,24804780,1,1,0.9992673
P51449,118022863,1,1,0.99886876
P35372,44592086,1,1,0.9991604
P51449,121303961,1,1,0.993537
P23977,19006323,1,1,0.99916184
P81721,659840,1,1,0.9991048
P00742,44385953,1,1,0.9997603
P08254,11641262,1,1,0.9997402
P18858,16735161,1,1,0.99982077
Q07817,11228183,1,1,0.9989686
Q24451,57339895,1,1,0.997996
P51449,156018216,1,1,0.9939539
P35372,16087284,1,1,0.99962246
P19327,11732856,0,0,0.098952666
P04407,135514465,1,1,0.9994087
Q96BI3,44432556,1,1,0.99941707
P51449,118022176,1,1,0.9929133
P35372,16087279,1,1,0.998226
P00742,21366482,1,1,0.99873513
Q07817,16109157,1,1,0.9984863
P51449,121302173,1,1,0.996558
Q99808,16757077,1,1,0.9951916
P18901,1225,1,1,0.9990878
P41145,16087274,1,1,0.99971646
P51681,3002977,1,1,0.99957114
P51449,138805795,1,1,0.993911
P27986,130302658,1,1,0.9991835
P34972,57387465,1,1,0.99911267
P34972,11154964,1,1,0.99933296
O43614,73673387,1,1,0.9976146
P51449,156011839,1,1,0.9980882
O43614,74222241,1,1,0.9995146
P51449,138805783,1,1,0.9990262
P35372,71456106,1,1,0.99969196
P35372,13374610,1,1,0.99940264
Q9IGQ6,20586256,1,1,0.99926704
P00742,9851195,1,1,0.99942374
P35372,11308721,1,1,0.99640983
P18858,127027283,0,0,0.018277317
P35372,44406732,1,1,0.99729127
P00742,72710568,0,1,0.6416116
P11511,324288,1,1,0.99943763
P27986,130302563,1,1,0.9989666
Q92542,44432584,1,1,0.9983541
P42336,44609075,1,1,0.99974495
O43614,118180165,1,1,0.999338
O43614,46190695,1,1,0.999851
O43614,73673138,1,1,0.9988594
P35372,117862198,1,1,0.9992637
P51449,138805739,1,1,0.9971361
P19327,31101,1,1,0.999292
Q16769,46174642,1,1,0.9997422
P31749,46886665,1,1,0.9984232
P35372,54582933,1,1,0.99853754
P34972,60195836,1,1,0.99328667
P41145,14707,1,1,0.99953735
P30098,219077,1,1,0.99902
P35372,117943722,1,1,0.99909985
Q9UBU7,25190901,1,1,0.9978331
P42336,53361718,1,1,0.9994772
P51449,118022273,1,1,0.99436116
P51449,138805818,1,1,0.9958191
Q07817,24776216,1,1,0.99882656
O43614,137645716,1,1,0.99972004
P27986,130302732,1,1,0.9989004
P35372,118988707,1,1,0.9984377
P00491,136016335,1,1,0.98250616
P19327,15629503,1,1,0.99825317
O43614,73673139,1,1,0.9981741
O54735,9929189,1,1,0.997053
O95665,44363934,1,1,0.99589264
P35372,16087271,1,1,0.99954957
P51449,118185750,1,1,0.99740916
P34972,44157662,1,1,0.9992255
P42336,46898104,1,1,0.9996604
P42336,44608114,1,1,0.99959487
P03956,10766622,1,1,0.9996124
P23385,10470232,1,1,0.99977523
Q60492,9907323,1,1,0.9990477
Q07817,16109067,1,1,0.9975103
P35372,16087288,1,1,0.99756855
P42336,137642764,1,1,0.99972564
Q92542,44432557,1,1,0.9997527
P19327,14978229,1,1,0.99969554
P23977,46878142,1,1,0.9990319
O43614,71526207,1,1,0.9996935
P18858,127027283,0,0,0.018277317
P00742,46196561,1,1,0.9965527
P42336,44608118,1,1,0.9993693
P35372,16094421,1,1,0.9995995
P00742,9978767,1,1,0.99934703
P35372,5359966,1,1,0.99930894
P51449,138805874,1,1,0.9986903
O43614,73673017,1,1,0.99807787
P00742,10029343,1,1,0.9994485
P23977,9924939,1,1,0.9993038
P51449,138805887,1,1,0.998725
O43614,122191741,1,1,0.9994973
P31749,44592502,1,1,0.9996631
P51449,156018369,1,1,0.9971017
Q9Y616,162366970,1,1,0.99758327
P56524,71230790,1,1,0.9993536
P35372,117943739,1,1,0.9997477
P51449,156018703,1,1,0.9964707
P00742,20595251,1,1,0.9985594
P31749,46886549,1,1,0.99916303
P19793,3922,1,1,0.99901474
P51449,138805911,1,1,0.9992368
Q15759,9871074,1,1,0.99895906
Q9UBU7,25190900,1,1,0.99820924
P19327,10024943,1,1,0.99846435
Q96BI3,164611716,1,1,0.9984763
P47900,90643800,1,1,0.99958223
P35372,57900041,1,1,0.9997805
Q9UBU7,136333907,1,1,0.9989492
P31751,44592504,1,1,0.9997919
P21731,19097508,1,1,0.9995074
P19327,11732856,0,0,0.098952666
P51449,156021369,1,1,0.99709654
P42336,52917382,1,1,0.9995472
Q07817,60169796,1,1,0.9984426
Q07817,57523498,1,1,0.99611217
P35372,53325725,1,1,0.9978388
P51449,156019675,1,1,0.9984492
O43614,46195690,1,1,0.9998311
P51449,138805764,1,1,0.99784577
P19327,9981671,1,1,0.99902904
P00791,44314128,1,1,0.99703836
P27986,137640140,1,1,0.9996087
P35372,117862199,1,1,0.99962795
Q07817,56933431,1,1,0.99684286
P35372,71452742,1,1,0.99726933
P21452,153996,1,1,0.99963975
P23977,10163067,1,1,0.9997019
P51449,118022030,1,1,0.99576795
P35372,44570031,1,1,0.997343
P00915,127034559,1,1,0.9976815
P42336,118444335,1,1,0.9995623
P00742,9805415,1,1,0.9990079
P00742,16679099,1,1,0.9996866
P34972,60196093,1,1,0.9983038
P35372,57412853,1,1,0.9990332
P33533,68633277,1,1,0.996675
P35372,57412850,1,1,0.9990332
O43614,90656177,1,1,0.9984641
P31749,71138480,1,1,0.99940526
P35372,44591198,1,1,0.9992512
P23977,44417436,1,1,0.9997403
P23977,44323347,1,1,0.9997613
P00791,44313693,1,1,0.99934405
P42866,5462471,1,1,0.99821436
P08254,9887544,1,1,0.9983594
Q07817,16109076,1,1,0.997607
P19327,60795,1,1,0.9993242
P41145,16094414,1,1,0.9997769
P51449,118021955,1,1,0.9937424
P00915,126842603,1,1,0.9995906
P33533,11156202,1,1,0.99906594
O43614,118736950,1,1,0.9993481
O43614,46868664,1,1,0.9996364
P23977,44326095,1,1,0.9997292
P23977,44330392,1,1,0.9996823
P30411,10327403,1,1,0.99766797
P19793,44353422,1,1,0.99797076
O43614,45375925,1,1,0.99981016
P41145,44256416,1,1,0.9997831
P31421,11257636,1,1,0.99914193
P17948,15625,1,1,0.99851674
P00742,91538773,1,1,0.9975514
P18858,127027283,0,0,0.018277317
P35372,71458581,1,1,0.99909425
P23977,10389641,1,1,0.9992667
O43614,76900605,1,1,0.9990521
P42336,44608754,1,1,0.9986571
P51449,156020364,1,1,0.9932219
P51449,86716130,1,1,0.9994167
P35372,44577468,1,1,0.9995271
P41145,72710568,0,0,0.06742787
P35372,11204993,1,1,0.99729127
P31749,24963049,1,1,0.99909484
P41145,44583373,1,1,0.99969685
Q07817,60169703,1,1,0.9954798
P42336,71041613,1,1,0.99854904
O60894,6918509,1,1,0.9761633
P42336,70693798,1,1,0.9992066
Q07817,16109080,1,1,0.9987338
P42336,137633048,1,1,0.9996151
P30987,91930812,1,1,0.99888045
P33533,73348665,1,1,0.99870515
P35372,54584882,1,1,0.99940443
P23977,401916,1,1,0.99960905
P51449,118006087,1,1,0.9993604
P19793,44287715,1,1,0.9884328
P18901,10004036,1,1,0.99929154
P35372,58443234,1,1,0.99909985
P35372,54584041,1,1,0.99800605
P33533,71461710,1,1,0.9958978
P23977,13543873,1,1,0.9996407
P00742,20595260,1,1,0.99947065
P51449,156010401,1,1,0.99826294
P00742,11979127,1,1,0.99943775
P23977,10670210,1,1,0.99980193
Q9QYJ6,11581936,1,1,0.99967635
P00742,10075735,1,1,0.9994629
P00742,44274011,1,1,0.99856156
P18858,16736220,1,1,0.99953246
Q62758,5311299,1,1,0.9803269
P19327,4636,1,1,0.99697304
P39086,57405946,1,1,0.9990916
Q9UBF8,134148697,1,1,0.8019179
P35372,145948744,1,1,0.9994678
P41145,3683,1,1,0.9993544
P50750,5287969,1,1,0.9996966
P23977,10027543,1,1,0.99960905
P35372,54580938,1,1,0.99807286
O43614,90656176,1,1,0.99909437
P00742,9937921,1,1,0.9995098
P30411,9987299,1,1,0.9983746
P35372,53323074,1,1,0.9984018
P00742,44376417,1,0,0.29315332
P51449,156021188,1,1,0.98234266
Q07817,16109156,1,1,0.9972771
P00915,126842611,1,1,0.99954164
Q9NQS7,16124208,1,1,0.9994413
P51449,118022938,1,1,0.9952865
P23977,44330468,1,1,0.9997062
P27986,130302605,1,1,0.999156
P35372,5288826,1,1,0.99958795
P34972,127030845,1,1,0.9962733
P47900,72737648,1,1,0.9989396
P18858,16735383,1,1,0.9993765
P23977,10813197,1,1,0.99946266
P35372,11434336,1,1,0.9868107
P23977,9881979,1,1,0.9988632
P51449,118185679,1,1,0.9988299
P00491,135541930,1,1,0.7927732
P00742,21366647,1,1,0.9995048
P33533,123924,1,1,0.9995074
P23977,46878145,1,1,0.9994042
P00742,10187006,1,1,0.99945277
P35372,44240972,1,1,0.99977404
P07384,9984343,1,1,0.99653983
P42336,71041971,1,1,0.99757785
P35372,50994459,0,1,0.980116
P34972,127027283,0,0,0.026810126
P20272,11989761,1,1,0.99956113
P51449,138805730,1,1,0.9976199
P27986,164615907,1,1,0.99909234
P00742,11641515,1,1,0.9980969
P47900,90078528,1,1,0.99919623
P35372,16094368,1,1,0.99969447
P00742,44385753,1,1,0.99967396
Q9UBN7,118884610,1,1,0.99938285
P11511,10335207,1,1,0.9983308
P21731,5311493,1,1,0.99739504
P51449,121303926,1,1,0.9936056
P18901,44323851,1,1,0.9994355
P51449,138805721,1,1,0.9908043
Q15759,59749702,1,1,0.9997423
Q07817,59447540,1,1,0.99639183
P51449,118022839,1,1,0.99415004
P00915,126842612,1,1,0.9996556
P19020,44567290,1,1,0.99945647
P23977,44319999,1,1,0.999148
P10827,5920,1,1,0.9967173
P19793,9847065,1,1,0.970072
P51449,72710568,0,0,0.055982895
P19327,9980269,1,1,0.99954224
O43614,49797988,1,1,0.99965894
P34972,70687771,1,1,0.9988111
P31749,71138717,1,1,0.999678
Q96BI3,44432551,1,1,0.99941707
P27986,137657429,1,1,0.99952376
Q07817,16109098,1,1,0.9990103
P36544,145989794,1,1,0.9996259
P57059,3062316,1,1,0.9993106
Q07817,16109138,1,1,0.99916875
P35372,16094414,1,1,0.99974185
O43614,49793266,1,1,0.9996377
P10646,155521839,1,1,0.99880505
P23977,10576708,1,1,0.9992742
O43614,73673014,1,1,0.99907047
P00742,9807238,1,1,0.9975006
P08254,9802768,1,1,0.99978024
P21452,137633652,1,1,0.9915656
P31749,44591845,1,1,0.9996506
P42336,44608115,1,1,0.9984591
P31749,24803305,1,1,0.99971455
P36888,56593682,1,1,0.9997242
P11511,57384103,1,1,0.9989178
P47900,73052824,1,1,0.99972016
P19327,9981024,1,1,0.9935993
P00742,10275777,1,1,0.9995005
P51449,72548957,1,1,0.9981851
P31749,46843057,1,1,0.9994019
P19327,44267790,1,1,0.99919015
P42866,5288826,1,1,0.99962234
P35372,16087289,1,1,0.9997162
P51449,156014021,1,1,0.99695086
Q9Y5Z0,10212352,1,1,0.9955818
P51449,138805838,1,1,0.98938656
P41145,162656427,1,1,0.9986065
Q9P0X4,118560618,1,1,0.9995177
P51449,118185703,1,1,0.9992229
O35433,10225238,1,1,0.9995441
P51449,156019536,1,1,0.9962069
P27986,130302620,1,1,0.9988445
P51449,129303864,1,1,0.99642
P51449,138805833,1,1,0.9936365
P51449,118022901,1,1,0.9976199
P36544,1204,1,1,0.9992994
P51681,457871,1,1,0.999479
P41145,73346891,1,1,0.99917173
P19327,443884,1,1,0.99960846
P35372,145948965,1,1,0.99939835
P35372,44444601,1,1,0.9992524
P00519,138393294,1,1,0.9965558
P19793,9908099,1,1,0.99154377
O43614,25127493,1,1,0.9996835
P51449,118021666,1,1,0.9965659
P18858,16736444,1,1,0.99941254
P00742,72710568,0,1,0.6416116
P35372,11559278,1,1,0.996561
P34972,137638255,1,1,0.99921525
P19793,10137940,1,1,0.9988913
O43614,73673389,1,1,0.99810493
P00742,44186668,0,0,0.17827828
P42866,461776,1,1,0.98808986
P42336,70684794,1,1,0.99963045
Q92769,5186,1,1,0.9997483
Q92753,145963443,1,1,0.9938306
P36888,135398495,1,1,0.9993813
P51681,183790,1,1,0.9997249
P34972,12146783,1,1,0.998516
P42336,124193915,1,1,0.9995054
P19327,121852,1,1,0.9990578
Q13464,60097413,1,1,0.99965787
P47900,9847505,1,1,0.9981342
Q92542,17747070,1,1,0.9994247
P33533,44275475,1,1,0.99963987
P41145,644073,1,1,0.9993567
P30543,10368871,1,1,0.9949779
P51449,118006127,1,1,0.9987023
P23977,46878146,1,1,0.9997694
P23977,44325833,1,1,0.9996437
P42336,58203898,1,1,0.9996141
P35372,11667832,1,1,0.99930274
P51449,138805868,1,1,0.99898404
Q07817,15991562,1,1,0.99888974
P35372,57412852,1,1,0.99916434
P42336,53326214,1,1,0.9990208
P47900,73052978,1,1,0.9997181
P35372,44422808,1,1,0.9982515
O43614,46883808,1,1,0.9996136
Q92542,44432578,1,1,0.9992785
P35372,145948797,1,1,0.9994667
P51449,68276046,1,1,0.99941194
P18858,16735162,1,1,0.99975115
P21917,10783358,1,1,0.99940693
P42336,58204007,1,1,0.99939847
P35372,16094388,1,1,0.9995639
P41145,11091606,1,1,0.99947745
P41145,16720745,1,1,0.9996437
P23977,44330144,1,1,0.999747
P51449,138805740,1,1,0.9968342
Q13177,72710568,0,0,0.05795088
P36544,91930247,1,1,0.9953815
Q24451,57339896,1,1,0.9981786
P00742,9875401,1,1,0.9979346
P23977,44462003,1,1,0.9993038
P36888,24826799,1,1,0.9997439
P51449,118023309,1,1,0.993911
P21731,11597294,1,1,0.99953234
Q15759,156422,1,1,0.9995585
P51449,118185718,1,1,0.99908864
Q07817,16109069,1,1,0.9990608
P01116,164621818,1,1,0.9989581
Q07817,16109063,1,1,0.99865097
P00791,44313691,1,1,0.9983524
Q07817,60169795,1,1,0.99805
Q07817,16109091,1,1,0.99864894
P41145,73354458,1,1,0.99917173
P35372,57412946,1,1,0.9994754
P34972,5311501,1,1,0.9996933
P39086,68172894,1,1,0.99921584
P31751,44591843,1,1,0.99974436
P51449,138805800,1,1,0.99433833
P31751,44592505,1,1,0.999801
P51449,118022864,1,1,0.99766856
P42336,50990924,1,1,0.99971956
P50750,124155204,1,1,0.9997309
O43614,24965286,1,1,0.99937123
P35372,44570066,1,1,0.99845743
P07607,136074349,1,1,0.97690445
P51449,145963286,1,1,0.99800926
P18858,127027283,0,0,0.018277317
P00491,135494321,1,1,0.99938726
Q92542,44432550,1,1,0.99968624
P00813,449013,1,1,0.9997172
P51449,138805862,1,1,0.9988348
P00742,44385449,1,1,0.9997583
Q92542,44432556,1,1,0.99935514
O43614,73673016,1,1,0.99607795
P19793,9863341,1,1,0.99882406
P19020,11515697,1,1,0.9997085
P41145,3505,1,1,0.99833316
P35372,145948981,1,1,0.99939835
P51449,118022003,1,1,0.9974095
P31749,44592504,1,1,0.99972814
P36888,56593680,1,1,0.9995285
P51449,74223745,1,1,0.9990152
P20272,127027283,0,0,0.014730399
P19793,10073992,1,1,0.9988959
Q13464,9810884,1,1,0.9995459
P51449,118022454,1,1,0.9987614
P51449,145961772,1,1,0.9990884
Q92542,44432588,1,1,0.99966204
P23977,123692,1,1,0.9993461
P31749,71138594,1,1,0.9992142
Q92542,44432598,1,1,0.99966216
P51449,138805704,1,1,0.9945851
P50750,124155310,1,1,0.99970514
P51449,138805807,1,1,0.9886001
P51449,145962457,1,1,0.9952579
P36888,135423438,1,1,0.99928504
Q02156,153999,1,1,0.9998443
P51449,118185722,1,1,0.99865973
P34972,71455077,1,1,0.9996183
P47900,44364208,1,1,0.99814725
P23977,10789465,1,1,0.9995229
P00338,121461710,1,1,0.9994411
P51449,72710568,0,0,0.055982895
P00742,10323469,1,1,0.99934
P00915,126842615,1,1,0.9996402
P35372,3037926,1,1,0.99940467
P00915,164627229,1,1,0.9990477
P51449,118023081,1,1,0.99445856
P23977,10552077,1,1,0.99977154
P35372,57412942,1,1,0.9986513
P46925,9895503,1,1,0.99676126
Q8N4C8,44259,1,1,0.99960643
P51449,118186187,1,1,0.9954625
P00915,164610468,1,1,0.9994655
P35372,44417373,1,1,0.99952734
P35372,44593682,1,1,0.99901724
P41145,73345364,1,1,0.99874324
P35372,16094371,1,1,0.9996536
P51449,118188696,1,1,0.9954657
Q13177,44259,1,1,0.99974495
Q07817,16109066,1,1,0.99913675
P23977,10576101,1,1,0.99963
Q16769,46181196,1,1,0.9995844
Q07817,57523340,1,1,0.992178
P35372,134152820,0,0,0.018542789
P19793,9824444,1,1,0.9817742
P36888,155536820,1,1,0.99896586
P51449,118022479,1,1,0.99406636
P11511,59693,1,1,0.99793893
P10646,134136313,1,1,0.9989409
P42336,151325265,1,1,0.99956304
P50750,124155169,1,1,0.9997309
P43235,5287549,1,1,0.99892896
Q03181,9934458,1,1,0.999006
P23977,9994448,1,1,0.99836916
P51449,138805812,1,1,0.9934384
P19327,11743327,1,1,0.99958223
P51449,118186157,1,1,0.996651
P53779,11597537,1,1,0.9995821
P36888,135398510,1,1,0.9971348
P00491,24755637,0,0,0.33714628
P47900,90643798,1,1,0.9995778
P23385,16660135,1,1,0.99951935
P25105,108156,1,1,0.98428565
P11511,23644995,1,1,0.9986462
P23977,10598748,1,1,0.9996867
P23977,12204576,1,1,0.9996542
P00742,10391999,1,1,0.99869317
P51449,118006112,1,1,0.99909997
P34972,24768476,1,1,0.9990582
P42336,118444396,1,1,0.9990939
P51449,118185743,1,1,0.99335575
P19327,134551,1,1,0.99948186
P00519,447077,1,1,0.99957126
P35372,145948839,1,1,0.99939084
P47900,118365947,1,1,0.9985251
P00742,10202260,1,1,0.9981974
P35372,16094384,1,1,0.9997009
P35372,57412944,1,1,0.9994566
P19793,9801665,1,1,0.9800213
P50750,447961,1,1,0.9993844
P56524,11538455,1,1,0.9994709
P00742,44377546,1,1,0.9944342
P42866,10055958,1,1,0.995063
P49759,44223970,1,1,0.9995584
P35372,10462426,1,1,0.99813974
Q07817,16109151,1,1,0.99260825
P00742,21366640,1,1,0.9996692
P35372,11262815,1,1,0.9965217
P42336,58204339,1,1,0.99953043
P41145,16094421,1,1,0.9996619
P31749,6914611,1,1,0.9998343
P23385,25183673,1,1,0.99976724
P00915,126842609,1,1,0.99957436
P19327,2419,1,1,0.9982956
P42336,52917534,1,1,0.99955815
P49759,44259,1,1,0.99969816
P08254,132519,1,1,0.9997986
P30411,73345909,1,1,0.99914074
P07607,135474517,1,1,0.5056726
P35372,117862195,1,1,0.9997477
P42336,46913312,1,1,0.99974185
P36888,54762055,1,1,0.9992072
P00742,21366645,1,1,0.9992095
P35372,117862196,1,1,0.9995702
Q86V86,58423153,1,1,0.99978083
P18858,127027283,0,0,0.018277317
P19327,44186668,0,0,0.025651809
P19327,10338595,1,1,0.9983846
Q92542,44432579,1,1,0.99966
P00338,139465347,1,1,0.99868506
P43235,44391459,1,1,0.99757725
P27986,137442750,1,1,0.9991835
P47900,72737647,1,1,0.99954337
Q92542,44432590,1,1,0.9994547
Q07817,71453307,1,1,0.9967265
P41145,46878245,1,1,0.99964106
P00742,44376252,1,1,0.67425185
P27986,164614423,1,1,0.99918455
P35372,72710568,0,0,0.04039373
Q07817,16109153,1,1,0.99877244
P47900,73051382,1,1,0.99899024
O43614,24964940,1,1,0.99951065
P42336,66788835,1,1,0.9995869
P41145,16094343,1,1,0.99977595
P42866,44299404,1,1,0.9954431
P33533,73345652,1,1,0.9988808
P31749,71138481,1,1,0.99905103
P11511,23644982,1,1,0.99857914
Q99808,96048,1,1,0.99134576
P35372,86582595,1,1,0.99878234
P51449,156016310,1,1,0.9953216
P21917,5311200,1,1,0.99898523
P51449,118711154,1,1,0.9996457
P10646,155552343,1,1,0.9989743
P35372,24873473,1,1,0.9992663
Q9BXF3,137796292,1,1,0.9990013
P41145,25181466,1,1,0.99968934
P19327,131001,1,1,0.9994005
P35372,71454361,1,1,0.9997695
P35372,44570070,1,1,0.9992235
P41145,54582933,1,1,0.9990312
P34972,11718456,1,1,0.9994367
P33533,57398666,1,1,0.9995215
Q9UBN7,5186,1,1,0.9996269
P35372,16094420,1,1,0.9996044
P18858,16736227,1,1,0.999795
P42336,46927938,1,1,0.9996613
P51449,138805895,1,1,0.9989064
P31749,71138420,1,1,0.99932146
P00915,126842606,1,1,0.99964285
P42336,44610483,1,1,0.99954385
P35372,44406658,1,1,0.9978829
O43614,49798028,1,1,0.99964976
O43614,86302551,1,1,0.999054
P00742,44376426,1,1,0.9705663
P36888,138454786,1,1,0.9993129
P23977,44462082,1,1,0.9988632
P41145,5480230,1,1,0.9995795
P31751,24803305,1,1,0.99977154
P51449,156016378,1,1,0.99703753
P42336,44242362,1,1,0.999534
P49841,46191454,1,1,0.9982217
P51449,138805811,1,1,0.9934384
P19793,44353347,1,1,0.99669397
P35372,16087276,1,1,0.99963295
P00338,121457578,1,1,0.9972119
P00491,136016340,1,1,0.9702772
P41145,25075996,1,1,0.99924123
P35372,86582596,1,1,0.9987601
P51449,134152820,0,0,0.06257366
O43614,73673141,1,1,0.9981875
P23977,44364255,1,1,0.99942964
P51449,118021838,1,1,0.99357176
P47900,73051082,1,1,0.99975985
P00742,53488415,1,1,0.9991347
P42336,58203776,1,1,0.9990005
P18858,127027283,0,0,0.018277317
P19327,10248163,1,1,0.9996854
P00791,44313647,1,1,0.99703836
P42336,72710568,0,0,0.14272341
P00491,136066048,1,1,0.99586535
P34972,118719599,1,1,0.9994578
Q07817,16109077,1,1,0.9986721
P21731,44210947,1,1,0.9994646
P27986,130332585,1,1,0.9988525
Q9UBN7,6445533,1,1,0.99975747
P35372,44301701,1,1,0.9993087
P42336,58203789,1,1,0.9995536
P23977,11798870,1,1,0.99966
Q9Y5Z0,46202416,1,1,0.9981527
P51449,72710568,0,0,0.055982895
P51449,138805844,1,1,0.9974657
P19327,10047322,1,1,0.99923277
P41145,71716193,1,1,0.99953175
P35372,44429062,1,1,0.9994294
P41145,3054741,1,1,0.9997131
P23977,10739933,1,1,0.9997305
P49841,11560568,1,1,0.99963725
P23977,44326149,1,1,0.9996711
O43614,73673514,1,1,0.99929
P23977,10788773,1,1,0.9996414
P00915,126842614,1,1,0.9995864
P51449,118022481,1,1,0.99884665
P51449,118186185,1,1,0.99601775
P35372,44401457,1,1,0.9993358
P00742,44385500,1,1,0.9997377
P34972,60194855,1,1,0.99922967
P51449,156020096,1,1,0.99803036
P42336,71042029,1,1,0.9986487
P36888,150939945,1,1,0.9992675
P07607,135474832,1,0,0.45246714
P35372,441278,1,1,0.99931216
P42336,124194522,1,1,0.9988471
P35372,44592017,1,1,0.9988701
P34972,118732575,1,1,0.99883777
Q13464,139030519,1,1,0.9995202
P19020,1219,1,1,0.9992293
Q9UBU7,25190902,1,1,0.9985281
P19793,9911319,1,1,0.99792933
P00742,10074434,1,1,0.99901986
P49841,6539363,1,1,0.999635
P11511,57384102,1,1,0.9989613
Q96BI3,44432588,1,1,0.99973625
O43614,91809243,1,1,0.99942493
Q16552,164623371,1,1,0.9987245
P51449,156019737,1,1,0.99722373
P00742,20595328,1,1,0.99922204
O00444,58486278,1,1,0.9985079
Q92542,44432596,1,1,0.99937266
P23977,10109793,1,1,0.9997079
Q07817,16109150,1,1,0.99790287
P07607,135501203,1,1,0.96439725
P35372,16720745,1,1,0.9995097
P19327,10251673,1,1,0.99974686
P25105,44297792,1,1,0.99893516
Q07817,16109089,1,1,0.99895597
P35372,778172,0,0,0.047575902
P35372,117862230,1,1,0.99904567
Q92753,118185743,1,1,0.9934141
P27986,137634808,1,1,0.9990221
P35790,78425823,1,1,0.9997143
P42336,44609547,1,1,0.9988944
O76074,136197286,1,1,0.99829394
P35372,5360630,1,1,0.9994894
P23977,44364469,1,1,0.9997694
P23977,3455,1,1,0.9997178
P08254,3342298,1,1,0.9998267
P35372,44591164,1,1,0.999345
P36888,11676971,1,1,0.9991986
Q86V86,44199470,1,1,0.9989347
P27986,25167777,1,1,0.9996618
P18858,16737951,1,1,0.99963963
P51449,138805789,1,1,0.988494
P51449,156019836,1,1,0.99598324
P35372,44586706,1,1,0.9993538
P17948,5329102,1,1,0.9994893
O54735,135398744,1,1,0.9986253
P19327,2763724,1,1,0.99948186
Q9H4B4,9826308,1,1,0.9994424
P51449,156021024,1,1,0.99613875
P00915,127034560,1,1,0.99580175
P35372,5360515,1,1,0.99944514
Q07817,16109093,1,1,0.9990532
P46925,49863568,1,1,0.98152876
P51449,156009578,1,1,0.9968195
P43235,10097070,1,1,0.9992175
Q96BI3,44432579,1,1,0.9996731
P51449,156022018,1,1,0.99523205
P00519,71521083,1,1,0.99972826
Q07817,16109094,1,1,0.999062
P51449,145961622,1,1,0.9992842
Q92753,145962336,1,1,0.99279284
P18858,16735550,1,1,0.9996259
P51449,156019090,1,1,0.99642426
P11511,59694,1,1,0.99799585
P51449,74223946,1,1,0.99893445
P36888,16038120,1,1,0.99898523
P19020,76332519,1,1,0.9981419
P18858,127027283,0,0,0.018277317
P03956,10027203,1,1,0.99894506
P25105,6603865,1,1,0.99461704
P23977,44462100,1,1,0.9994947
P10646,134155017,1,1,0.9989409
O43614,24964576,1,1,0.9991709
P35372,71454362,1,1,0.99918014
P35372,16109098,0,1,0.9989819
O43614,74221903,1,1,0.99894184
P00742,10161902,1,1,0.9984786
P51449,118188622,1,1,0.99915624
P00742,44249821,1,1,0.99857056
P00813,449014,1,1,0.99913114
O43614,122184039,1,1,0.9995945
P51449,156011242,1,1,0.99713945
Q92831,126961735,1,1,0.999196
P34972,54683138,1,1,0.9992404
P23977,46878144,1,1,0.9993149
P18858,10427006,1,1,0.9996321
P00742,5496659,1,1,0.99973077
P23977,44305884,1,1,0.99961287
Q86V86,91595874,1,1,0.99978083
P31749,44591843,1,1,0.9997086
P42336,44609072,1,1,0.9997094
P51449,138805866,1,1,0.99926823
P35372,5462471,1,1,0.99805105
O43614,78324905,1,1,0.9993413
P30987,91930813,1,1,0.99895585
P41145,16094424,1,1,0.999532
P35372,57412848,1,1,0.99947566
P51449,118022327,1,1,0.99629503
P35372,44241022,1,1,0.9997845
P23977,10450883,1,1,0.9996437
P42336,46913314,1,1,0.9997446
P21452,9850582,1,1,0.9993672
P51449,156019932,1,1,0.99808985
P00742,10137016,1,1,0.99969876
Q9UBN7,11749858,1,1,0.9994646
P51449,145963443,1,1,0.9942205
P42336,70693248,1,1,0.999385
P35372,16094383,1,1,0.9997477
P51449,118186154,1,1,0.9964007
P36888,56593836,1,1,0.9997309
P34972,24768473,1,1,0.9996865
P42336,44609391,1,1,0.99938524
P49841,6539443,1,1,0.99894637
P23977,778172,0,0,0.037383955
P23977,10672377,1,1,0.99959487
P34972,71561577,1,1,0.99880815
P00742,53316388,1,1,0.9994537
O43614,122191742,1,1,0.9993506
P47900,73053120,1,1,0.99911886
P17948,11667893,1,1,0.9998288
P35372,57412943,1,1,0.9994547
P35372,145948968,1,1,0.99940014
P42336,9884685,1,1,0.9997079
P00742,11553603,1,1,0.99868304
P33533,14504437,1,1,0.9989729
P42336,51033720,1,1,0.99953294
P23977,46878140,1,1,0.99942964
P03956,132519,1,1,0.999783
P00491,135566455,1,1,0.9887212
Q92753,145962457,1,1,0.99456066
P50750,16739650,1,1,0.9998142
P35372,16094415,1,1,0.999705
P51449,121302281,1,1,0.9970763
P00742,9869375,1,1,0.9994035
Q92831,155510571,1,1,0.99964964
P00742,67012933,1,1,0.9993137
Q96BI3,44432584,1,1,0.99848133
P51449,74222810,1,1,0.9995352
P27986,70693248,1,1,0.9989322
P31749,10172943,1,1,0.99976665
P03956,23645529,1,1,0.9994611
P34972,10141893,1,1,0.9997106
O43614,74221720,1,1,0.99961025
P00800,667541,1,1,0.9995048
P42336,56832510,1,1,0.99938583
O43614,71543409,1,1,0.9993098
P35372,3955,1,1,0.9997671
P42336,25167777,1,1,0.9996487
P09960,9820434,1,1,0.9995421
P35372,117862192,1,1,0.9994586
O76074,110635,1,1,0.99918514
P03956,10671441,1,1,0.999231
P42336,44610163,1,1,0.99954766
P19327,56971,1,1,0.9994885
P23385,11574901,1,1,0.99940455
P34972,60194936,1,1,0.998486
Q92542,44432604,1,1,0.9993938
P33032,11375764,1,1,0.99965775
P35372,57413036,1,1,0.9995679
P31751,51042438,1,1,0.9997031
P18858,16736616,1,1,0.9992773
P31749,71138467,1,1,0.99905103
P27986,164625094,1,1,0.99959415
P00742,9803558,1,1,0.9994236
P41145,16087290,1,1,0.99968517
O43614,46191662,1,1,0.9998198
P00742,24776448,1,1,0.99932194
P48748,11386138,1,1,0.9993987
P51449,117869607,1,1,0.9995577
P30987,54758053,1,1,0.99906784
Q07817,16109160,1,1,0.9972076
P21731,9867642,1,1,0.9994825
P00491,24755637,0,0,0.33714628
P35372,16087286,1,1,0.9995436
P03956,10271604,1,1,0.9988869
P42336,53363611,1,1,0.99950266
P42336,70694723,1,1,0.9996581
P41145,44570031,1,1,0.99916303
P00742,118519579,1,1,0.99785256
P19327,8226,1,1,0.99960285
P03956,23645530,1,1,0.9993857
P27986,52917382,1,1,0.9991136
P23977,9996581,1,1,0.99914014
P35372,16094369,1,1,0.9997378
P51449,156016034,1,1,0.9983829
P35372,3345,1,1,0.9996946
P00742,10298858,1,1,0.9996518
P00742,10182969,1,1,0.99874
P34972,16078,1,1,0.9972778
P43235,10875013,1,1,0.99895346
P08254,10549609,1,1,0.99901605
Q9UBN7,150470306,1,1,0.99975795
P41145,44577468,1,1,0.9997327
P33533,71765058,1,1,0.998013
P31751,24804134,1,1,0.99977154
O35433,10052935,1,1,0.9996855
P19327,10364722,1,1,0.99972266
P18901,12765746,1,1,0.99960035
P33533,6604878,1,1,0.99963987
P41145,16094420,1,1,0.99966455
Q24451,57339894,1,1,0.9980634
O43614,73673515,1,1,0.9993855
P23977,44330450,1,1,0.9993266
P00742,9912033,1,1,0.9987802
P35372,45483978,1,1,0.9971119
P33533,16757073,0,1,0.53024447
P36888,42642645,1,1,0.9991503
O43614,74221626,1,1,0.99898666
P23977,44417403,1,1,0.99975556
P31749,71138560,1,1,0.99923635
O43614,58394291,1,1,0.9997255
P35372,16048867,1,1,0.99955696
Q92769,9804992,1,1,0.99922657
P34972,104895,1,1,0.99708986
P41145,16087285,1,1,0.9996637
P51449,156021179,1,1,0.99625164
P51449,138805852,1,1,0.9929979
P23977,44330391,1,1,0.99977654
O60218,135512118,1,1,0.9995585
P35372,117943737,1,1,0.999428
P51449,117869142,1,1,0.99919266
P42330,9822061,1,1,0.99893373
P36888,44259,1,1,0.99972004
P51449,138805850,1,1,0.99498993
P23977,44364328,1,1,0.9993149
P35372,86582747,1,1,0.99918216
P49841,6539362,1,1,0.99976104
P51449,156013509,1,1,0.9964702
P00742,10301730,1,1,0.99930644
P42336,118374514,1,1,0.9990491
P41145,6540640,1,1,0.99972945
P00915,164610463,1,1,0.9994473
P31749,24805273,1,1,0.99978787
P31751,44591844,1,1,0.99974054
Q07817,16109158,1,1,0.9985662
P23977,22944647,1,1,0.9992774
P00742,21366644,1,1,0.9991824
P51449,138805897,1,1,0.9992866
P19793,10207221,1,1,0.9981218
P51449,156014740,1,1,0.99564654
P51449,57521310,1,1,0.9992569
O60218,135512117,1,1,0.9995981
P33533,119029,1,1,0.9996209
P20272,16078,1,1,0.9979765
P23977,9952054,1,1,0.9992422
Q9Y2K2,3062316,1,1,0.9992242
P42336,56833543,1,1,0.99944323
P35372,16094386,1,1,0.9996315
P00742,10138114,1,1,0.9986357
P51449,118185706,1,1,0.99882096
Q07817,16109152,1,1,0.99858713
P23977,91932876,1,1,0.99862266
P19327,11732856,0,0,0.098952666
P42336,124193946,1,1,0.9976725
P35372,16048940,1,1,0.9993055
P27986,130302651,1,1,0.9989517
P51449,138805840,1,1,0.99629503
P21917,44336061,1,1,0.99945027
P00742,21366562,1,1,0.9996101
P30411,6918173,1,1,0.99842286
P51449,138805760,1,1,0.99284416
P51449,121303949,1,1,0.9933523
P35372,4095,1,1,0.9996735
P41145,162654563,1,1,0.99869436
P00491,136056099,1,1,0.9993352
P42336,137634808,1,1,0.99941003
P19793,11079184,1,1,0.9924837
Q07817,16109092,1,1,0.99896467
P42336,44608915,1,1,0.9994869
P23977,44330382,1,1,0.999747
P00742,71451304,1,1,0.9986979
P23526,91824125,1,1,0.999041
O43614,45259003,1,1,0.99976975
P03956,23645533,1,1,0.9992052
O35433,44564218,1,1,0.99764746
Q96BI3,44432552,1,1,0.99976
P51449,138805757,1,1,0.99911076
Q9UBF8,134153378,1,1,0.9975932
P51681,457678,1,1,0.9986564
P00742,11755188,1,1,0.9994867
P23977,5974189,1,1,0.9997458
O43614,74222402,1,1,0.99867487
P35372,5485199,1,1,0.99559116
P18901,3036864,1,1,0.9996074
P01024,145985080,1,1,0.99920243
P23977,22896736,1,1,0.9997018
P00742,9827306,1,1,0.9996828
P51449,138805794,1,1,0.993911
Q07817,16109096,1,1,0.99797326
Q92753,145961622,1,1,0.99945027
Q13177,129909860,1,1,0.99874794
P35372,44429063,1,1,0.9994616
O43614,137650367,1,1,0.9996369
P19327,10646351,1,1,0.9996006
O43614,24965643,1,1,0.9992169
Q07817,16109140,1,1,0.9986431
Q07817,71451480,1,1,0.9964252
P47900,73053272,1,1,0.9997929
P34972,60196096,1,1,0.9994435
P00915,132502993,1,1,0.99951875
P42336,25254071,1,1,0.9995252
Q13464,448043,1,1,0.99956304
P03956,5362422,1,1,0.9987078
P00742,44377547,1,1,0.993999
Q9Y2I1,4810,1,1,0.99769896
P19327,10159609,1,1,0.999742
Q02156,16725726,1,1,0.99918646
P00742,42628063,1,1,0.99949086
P35372,44427184,1,1,0.99834216
O43614,73673268,1,1,0.99760854
Q07817,71297207,1,1,0.9864071
P35372,9897164,1,1,0.99729127
P21917,9104271,1,1,0.9992993
P51449,118022821,1,1,0.9908043
P21452,23653789,1,1,0.99938035
P21731,123879,1,1,0.9996927
P41145,44583393,1,1,0.99975055
P51449,156020875,1,1,0.99881834
P42336,44608430,1,1,0.99937373
Q8SPZ1,10649568,1,1,0.9990397
P41145,16094426,1,1,0.99899846
Q9UBU7,702319,1,1,0.9962657
P51449,118188711,1,1,0.9983419
P31751,24963049,1,1,0.9991904
Q07817,16109099,1,1,0.9984895
P51449,156013513,1,1,0.9965006
P51449,118185666,1,1,0.9991049
P36888,72194525,1,1,0.9995012
P34972,70687772,1,1,0.99922335
Q99527,5322399,1,1,0.9997904
P51449,118021980,1,1,0.99587053
P00742,44385561,1,1,0.99973816
O35433,5702546,1,1,0.99764746
P47900,90643799,1,1,0.99952865
P42336,58203785,1,1,0.9989807
Q9UBU7,778172,0,0,0.083145894
Q13464,60097495,1,1,0.99963975
P53350,9826308,1,1,0.99955386
P51449,118185777,1,1,0.9991742
P34972,127034294,1,1,0.9990619
P42336,58204628,1,1,0.9993767
P00915,127030670,1,1,0.9970848
P35372,16094426,1,1,0.9982298
P18858,127027283,0,0,0.018277317
P70627,10130754,1,1,0.99269897
P51449,118022837,1,1,0.9971361
P35372,44406657,1,1,0.99726343
P18901,2726,1,1,0.99944216
P19327,44186668,0,0,0.025651809
P49841,6539400,1,1,0.99963427
P42336,67061712,1,1,0.9985903
P47900,90656746,1,1,0.9995839
P21917,131396,1,1,0.9979577
P51449,117869707,1,1,0.9993368
O43614,90656182,1,1,0.99864393
P31749,11857236,1,1,0.99865687
P18858,16735862,1,1,0.99941003
P42336,58203808,1,1,0.9995969
P00742,44273702,1,1,0.99922836
P19327,119570,0,0,0.35117176
P18858,16737810,1,1,0.9989791
P00727,72172,1,1,0.9977926
P23977,10600291,1,1,0.99962854
P35372,119029,1,1,0.9993013
P11416,444795,1,1,0.99856204
P00338,121461706,1,1,0.9996244
P23977,10528740,1,1,0.99937505
Q96L34,44259,1,1,0.9996542
P42336,25033539,1,1,0.9997004
Q8N4C8,5328940,1,1,0.99935275
Q07817,57523369,1,1,0.9915992
P34972,60195919,1,1,0.9814462
P35372,44422807,1,1,0.9982486
P51449,138805722,1,1,0.9987464
P00742,44274058,1,1,0.99907446
P53350,86295201,1,1,0.99930596
P11511,339914,1,1,0.9995658
P21917,3626837,1,1,0.9991837
P19327,3082597,1,1,0.9992993
P35372,117943729,1,1,0.997343
P00338,139465358,1,1,0.99871814
P35372,16087274,1,1,0.9995764
P51449,118186155,1,1,0.99749595
P42336,66790135,1,1,0.9992393
P41145,105104,1,1,0.99935406
P18901,1238,1,1,0.99960035
P47900,71449107,1,1,0.99822575
P00742,9808346,1,1,0.9952749
P30987,10546960,1,1,0.99935395
P18858,16738354,1,1,0.9990563
O43614,25225718,1,1,0.9998258
Q99808,145971421,0,0,0.3568087
P19327,10125797,1,1,0.99899846
P51449,121302079,1,1,0.9976035
P23977,22896763,1,1,0.9997018
P00742,44385935,1,1,0.99948263
Q92542,44432552,1,1,0.9997527
P16184,54369,1,1,0.99875724
P51449,156011427,1,1,0.9982254
P47900,72737649,1,1,0.9995926
P42336,69489467,1,1,0.99964154
P00742,44375987,1,1,0.9967573
P51449,138805879,1,1,0.99903274
P51449,74223687,1,1,0.9990664
Q07817,72299178,1,1,0.9987049
Q07817,57523469,1,1,0.9977114
P00491,135513959,1,1,0.9988368
P42336,118366969,1,1,0.99961394
P51449,74221267,1,1,0.99902856
P34972,70696105,1,1,0.99829847
P51449,118185775,1,1,0.9989281
P42336,58204873,1,1,0.9995975
P42336,44609544,1,1,0.99892235
P51449,138805797,1,1,0.99415004
P31751,11857236,1,1,0.9987915
O43614,90654348,1,1,0.9995951
P00742,67155199,1,1,0.997964
P23977,10693839,1,1,0.99977154
P41145,16720650,1,1,0.99919635
P51449,156016818,1,1,0.9987431
O43614,24965290,1,1,0.999471
P02766,23656596,1,1,0.9993931
P42336,58204259,1,1,0.9994469
P34972,11584525,1,1,0.9983
O43614,71522361,1,1,0.99964356
P51449,118022053,1,1,0.99207014
P00742,11711363,1,1,0.99660045
O43614,86292273,1,1,0.99919087
O95665,5311318,1,1,0.99589264
P34972,137645158,1,1,0.9997397
P42336,58203695,1,1,0.9971124
P36888,11604142,1,1,0.9997422
Q9UBN7,444732,1,1,0.9988381
P00519,24826799,1,1,0.9997619
P42336,53361719,1,1,0.9995011
P33032,91898441,1,1,0.99909174
P30543,25138077,1,1,0.99857056
Q60492,2845719,1,1,0.9994529
P30543,2690,1,1,0.99808323
P35372,86291189,1,1,0.99932766
P42336,58204237,1,1,0.9994518
O43614,24965287,1,1,0.9993742
Q07817,60169705,1,1,0.99862134
P51449,145963554,1,1,0.99620724
P41145,5284594,1,1,0.9995952
O43614,49797987,1,1,0.99964976
P23977,44462051,1,1,0.9992422
P00742,44385998,1,1,0.9988256
O00750,118366969,1,1,0.99946004
P47900,73050925,1,1,0.9994998
P41145,13374610,1,1,0.99963784
P01024,56671520,1,1,0.9988801
P51449,117870010,1,1,0.9988273
Q8IYT8,44259,1,1,0.9994778
P00742,44387120,1,1,0.99946564
P51449,74223017,1,1,0.9993716
P19327,2689,1,1,0.99956745
P35372,162656427,1,1,0.99755883
P42336,49835172,1,1,0.9993456
P00915,126842602,1,1,0.9995844
P51449,145961343,1,1,0.99543613
Q03181,9803963,1,1,0.99651235
P35372,145948847,1,1,0.99939835
P51449,118185769,1,1,0.99945456
P03956,9824350,1,1,0.9979102
P18901,6603729,1,1,0.99909735
P42336,54669876,1,1,0.99937326
P19327,10531,1,1,0.99923193
P18858,16737009,1,1,0.9993955
P00742,447362,1,1,0.99600714
P35372,117943714,1,1,0.9992663
P21917,137640201,1,1,0.99927217
P05981,155529433,1,1,0.99876165
P23385,11717278,1,1,0.99946135
Q99808,45487314,1,1,0.65955323
P21917,10406796,1,1,0.9994134
P41145,16087286,1,1,0.9996791
P00915,164622503,1,1,0.99922526
P00791,44314026,1,1,0.99934405
P35372,86582147,1,1,0.99918574
P41145,16087277,1,1,0.99925023
P35372,44565511,1,1,0.99952173
P30411,439201,1,1,0.99915457
P51449,138805857,1,1,0.99911207
P00915,164624042,1,1,0.99952567
P00915,127031846,1,1,0.99555665
P34972,137518224,1,1,0.99828255
P00742,44273935,1,1,0.99814427
P00742,44273493,1,1,0.99951684
O43614,46190694,1,1,0.9998258
Q07817,57523339,1,1,0.99758136
P18858,16736447,1,1,0.99963856
P00338,154585731,1,1,0.99898237
P35372,16087285,1,1,0.9994814
P27986,46927938,1,1,0.9995059
P23977,13543862,1,1,0.99965525
P41145,16087284,1,1,0.99971443
P51639,64715,1,1,0.9981933
P23977,16719763,1,1,0.99935645
P51449,138805824,1,1,0.99848676
P51449,156020565,1,1,0.99882585
P35372,86582597,1,1,0.99920315
P41145,10677974,1,1,0.99917173
P21917,127032384,1,1,0.9993748
P23977,16719870,1,1,0.998563
P18858,127027283,0,0,0.018277317
O43614,72710568,0,0,0.072272636
P35372,16087280,1,1,0.9993948
P21452,9959481,1,1,0.99964035
P23977,3703,1,1,0.999724
P23977,401918,1,1,0.9996414
P42336,58042074,0,0,0.46156374
P51681,483407,1,1,0.99957114
O00750,9884685,1,1,0.9995522
P00742,18727836,1,1,0.99923325
P23977,16719669,1,1,0.99905425
P00742,25269170,1,1,0.9984036
O43614,46212134,1,1,0.9994129
P49841,135984463,1,1,0.9990675
O43614,73673140,1,1,0.9961928
P19327,444034,1,1,0.999213
P34972,60195572,1,1,0.9997794
P51449,138805872,1,1,0.9985287
P35372,44427178,1,1,0.9984269
O43614,44633765,1,1,0.999742
O43614,73673390,1,1,0.9995067
P42336,53326637,1,1,0.99931586
P36888,60202647,1,1,0.9997148
P42336,51001932,1,1,0.9994267
P51449,156018483,1,1,0.99709654
P00742,10280735,1,1,0.99681395
P35372,16094370,1,1,0.9995875
P42330,11987804,1,1,0.99893373
P36888,54760053,1,1,0.99917126
P35372,145948809,1,1,0.9992919
P00491,135950240,1,1,0.9982369
P00742,11575714,1,1,0.9952147
P31749,24804780,1,1,0.99915445
P16184,126941,1,1,0.9994204
P51449,118022869,1,1,0.99930227
P42336,124193953,1,1,0.9977191
P23977,10268720,1,1,0.9995161
P00915,126842608,1,1,0.9995747
P51449,156017795,1,1,0.9968195
Q92542,44432554,1,1,0.99968624
P35372,72710568,0,0,0.04039373
Q07817,16109097,1,1,0.999062
P34972,67519772,1,1,0.998351
P35372,13193918,1,1,0.9975667
P43235,9908450,1,1,0.99969363
P00491,135957050,1,1,0.99336606
P48748,11225601,1,1,0.9980806
P25105,131925,1,1,0.9977012
P00915,127034557,1,1,0.9977379
P00742,44385679,1,1,0.9996507
P51681,483747,1,1,0.9990221
P10646,155553138,1,1,0.99876887
P07607,136078519,1,1,0.54279476
P51449,138115387,1,1,0.9989273
P19793,44353335,1,1,0.99569243
P18858,16735549,1,1,0.9993193
P31749,24964624,1,1,0.99967873
O43614,118175269,1,1,0.9987565
P35372,86291193,1,1,0.9991899
P00742,11525292,1,1,0.99901974
O43614,86291877,1,1,0.99929357
P51449,138805907,1,1,0.99907947
P11511,3902,1,1,0.9998135
P23977,10600721,1,1,0.99975413
P00915,127034556,1,1,0.99787796
P18901,6603950,1,1,0.99960035
P21917,10236758,1,1,0.9981797
P51449,118186181,1,1,0.99581933
P51449,118186189,1,1,0.99665964
P00742,44273945,1,1,0.9986713
P23977,213818,1,1,0.999711
P47900,90656742,1,1,0.9998093
I6WXK4,156011577,1,1,0.99843997
P51449,121303788,1,1,0.99234205
P23977,49796220,1,1,0.99898237
P47900,73052977,1,1,0.9995547
P11511,9949484,1,1,0.99890614
P36888,11409972,1,1,0.9996275
P00519,10454329,1,1,0.99957985
P33533,6917707,1,1,0.993711
P53350,137347776,1,1,0.99912304
P30281,46220502,1,1,0.9983498
P35372,162660075,1,1,0.997849
P42336,46913315,1,1,0.99967587
P42336,118436155,1,1,0.9995437
P23977,16719871,1,1,0.9990206
P42336,124193944,1,1,0.99817634
P43235,10201696,1,1,0.99911374
Q9UBU7,137648287,1,1,0.99915016
P35372,9848990,1,1,0.99848396
P16184,5583,1,1,0.9994881
Q92542,44432592,1,1,0.9997676
P11511,57403527,1,1,0.9982174
P17948,151194,1,1,0.9997646
P49841,6539402,1,1,0.99917454
P36888,11485656,1,1,0.9995036
P00491,135529934,1,1,0.9979231
P39086,70498441,1,1,0.9980804
P41145,11667832,1,1,0.9996567
P35372,11364225,1,1,0.99863064
P18858,16735382,1,1,0.9997304
Q05586,11771731,1,1,0.999691
Q9UBU7,13331515,1,1,0.9982343
O76074,135566745,1,1,0.99823195
P00742,17985189,1,1,0.99838316
P31751,25227436,1,1,0.99830234
P03956,466151,1,1,0.9997732
P00742,11561914,1,1,0.99952805
P19327,1832,1,1,0.9990115
O43614,86291876,1,1,0.9994802
Q07817,16109149,1,1,0.99872595
Q07817,16109065,1,1,0.99904937
P00742,9829120,1,1,0.9977487
Q99808,16756414,1,1,0.9951916
P49841,9847557,1,1,0.9993956
P19327,9998826,1,1,0.99969053
P51449,118022524,1,1,0.9973296
P13497,118225750,1,1,0.99777967
P42336,124194873,1,1,0.999193
P18858,127027283,0,0,0.018277317
P33533,73354737,1,1,0.99649614
P51449,121303970,1,1,0.99442226
P51449,145962172,1,1,0.99292517
P35372,54586810,1,1,0.99758756
P51449,74221202,1,1,0.98354185
P51449,118185671,1,1,0.99901175
P50750,10275789,1,1,0.99940133
P35372,44427179,1,1,0.9983595
P00742,42628060,1,1,0.99949956
P21917,11726532,1,1,0.99930775
P19020,47811,1,1,0.99950254
P32247,49871766,1,1,0.9989108
P00915,164611930,1,1,0.9990709
O43614,118736952,1,1,0.9991548
P51449,118023100,1,1,0.9973448
P00915,127034558,1,1,0.9978235
P19327,28693,1,1,0.9997085
P35372,16087290,1,1,0.9994747
P21917,14925759,1,1,0.9990416
P31749,71138632,1,1,0.99951446
Q07817,70684416,1,1,0.994865
Q07817,60169704,1,1,0.99850875
P41145,16087272,1,1,0.99976736
Q07817,57523432,1,1,0.9980009
P21452,9831309,1,1,0.99963975
P42336,124194932,1,1,0.9992422
P21917,4452,1,1,0.9993667
P51449,138805885,1,1,0.9989126
P35372,16094373,1,1,0.999647
P53350,24856436,1,1,0.9996364
O43614,9981404,1,1,0.99950707
P21917,155559617,1,1,0.9974654
P42336,17755052,1,1,0.9992643
P19327,10406796,1,1,0.9995802
P31751,24964624,1,1,0.99971205
P27986,164622899,1,1,0.9986945
P00338,156907399,1,1,0.9991517
P23977,9981761,1,1,0.9997029
P33533,44447365,1,1,0.99950266
Q92542,164612674,1,1,0.99734914
P23977,10204441,1,1,0.999642
P23385,7067728,1,1,0.99960655
P51449,156019116,1,1,0.9957039
P00742,44186668,0,0,0.17827828
P51449,121302216,1,1,0.99867237
P42336,137640140,1,1,0.99966073
P51449,156018677,1,1,0.9976331
P23977,9888926,1,1,0.9997303
P35372,16094381,1,1,0.99977285
P39086,68172937,1,1,0.99921584
P51449,156020030,1,1,0.99247146
P51449,118022609,1,1,0.9886001
P41145,54584041,1,1,0.99885
P00915,126842605,1,1,0.9995989
P51449,138805835,1,1,0.9978656
Q96BI3,44432590,1,1,0.99938023
P03956,119031,1,1,0.99845445
P23443,44259,1,1,0.999816
P33032,16154396,1,1,0.9989612
P42336,53363435,1,1,0.99973387
P41145,137641479,1,1,0.99974054
P11511,23644987,1,1,0.99857914
P42336,118436453,1,1,0.9994867
P35372,86582305,1,1,0.9991973
P18858,127027283,0,0,0.018277317
P51449,74222221,1,1,0.9994448
P42336,53350231,1,1,0.9996519
P35372,5487663,1,1,0.9989794
P51449,72548704,1,1,0.99661666
P21917,11301655,1,1,0.99854195
P36888,145957309,1,1,0.9987087
P42336,58203795,1,1,0.99930096
P42336,58204017,1,1,0.9994955
P51449,156009605,1,1,0.9967962
P42336,53363523,1,1,0.99923885
P42336,53307606,1,1,0.99945945
P03956,9904965,1,1,0.9979196
P43235,155551122,1,1,0.999683
P35372,5485208,1,1,0.99944955
P19020,3038494,1,1,0.9994671
P02766,23656594,1,1,0.99891865
P51449,118188765,1,1,0.9986665
Q07817,57523470,1,1,0.9978727
P35372,86582908,1,1,0.99918574
P21917,127031832,1,1,0.99950004
P23977,22595194,1,1,0.9993387
Q86V86,59226518,1,1,0.9992085
P19020,11639064,1,1,0.99942195
P35372,16094375,1,1,0.99975234
Q24451,51683,1,1,0.87660027
P31421,11382367,1,1,0.9987962
O43614,74222492,1,1,0.99963427
P35372,16087278,1,1,0.9986014
P00742,21366646,1,1,0.99942905
P42336,72710568,0,0,0.14272341
P51449,138805899,1,1,0.9993761
P23385,1069776,1,1,0.99943954
P21917,9799123,1,1,0.99945027
P21917,11957618,1,1,0.99898523
P51681,3009355,1,1,0.998814
O43614,74222158,1,1,0.99969196
Q9BXF3,72943187,1,1,0.99748516
O43614,118167452,1,1,0.9993618
P35372,56847099,1,1,0.99914026
P00742,102481209,1,1,0.9996983
P35372,130291310,1,1,0.9994586
P51681,9827221,1,1,0.9995541
P31749,44592505,1,1,0.999759
P00742,44377545,1,1,0.9954267
P51449,156018781,1,1,0.997311
P34972,145982250,1,1,0.9980459
P00742,44386419,1,1,0.9997979
P51449,121301997,1,1,0.99861765
P18858,127027283,0,0,0.018277317
P00742,44377548,1,1,0.9950309
P35372,162665925,1,1,0.9972019
P51449,156012837,1,1,0.99601114
P51449,156017947,1,1,0.9954406
P23977,18623856,1,1,0.999091
O43614,74222159,1,1,0.9990521
P51449,118022368,1,1,0.988494
P51449,118185721,1,1,0.9989536
O43614,118435993,1,1,0.9988587
P36888,126565,1,1,0.99965215
O43614,73673015,1,1,0.9977276
P00742,46226322,1,1,0.99922717
P00915,127034555,1,1,0.9966434
P51449,156016007,1,1,0.99398065
P19793,44353480,1,1,0.9751418
P34972,57390958,1,1,0.9991315
P23977,10025195,1,1,0.999747
P23977,9866284,1,1,0.99977356
P21452,9939040,1,1,0.9989353
P00742,11306315,1,1,0.99889046
P35372,117943738,1,1,0.9997776
P34972,137642085,1,1,0.9997397
P35372,16094425,1,1,0.9997526
P42336,44516953,1,1,0.99867743
O60218,137646927,1,1,0.9985613
P51449,156017794,1,1,0.9985083
O43614,73673267,1,1,0.9980216
P00519,11409972,1,1,0.9994825
P36888,71575543,1,1,0.99977845
P27986,69489467,1,1,0.9993831
P51449,74222308,1,1,0.99930024
P35372,11239327,1,1,0.99854714
P34972,127034588,1,1,0.9979158
Q92769,53648656,1,1,0.9976756
P00742,134132943,1,1,0.9994842
P51449,74223890,1,1,0.99933714
P34972,67520222,1,1,0.996411
Q07817,59438327,1,1,0.9987049
P48748,11363856,1,1,0.9993297
P36888,16041424,1,1,0.99891424
P50750,46926350,1,1,0.9997266
P51449,118022852,1,1,0.9978656
P51449,118185785,1,1,0.9970392
P23977,10788234,1,1,0.99973875
P19327,9975915,1,1,0.99889344
P00742,44385924,1,1,0.9993741
Q07817,16109141,1,1,0.9991002
P31751,16725726,1,1,0.99913234
P11511,46177291,1,1,0.9993826
P51449,138805817,1,1,0.9958191
P27986,137642764,1,1,0.9995912
P51681,9873888,1,1,0.9997249
P25106,139360137,1,1,0.99973565
P49662,134147411,1,1,0.9990251
Q9UBN7,138377601,1,1,0.9997012
P51449,118022672,1,1,0.99774253
P42336,44610482,1,1,0.9996351
P35372,57413037,1,1,0.9996302
P51449,138805839,1,1,0.99629503
P36888,5329102,1,1,0.99944764
O95665,24868215,1,1,0.9817919
Q92769,6445533,1,1,0.99982315
P19327,44186668,0,0,0.025651809
P34972,60195924,1,1,0.99963796
P51449,156013368,1,1,0.994842
Q07817,56933429,1,1,0.9983771
P47900,11549000,1,1,0.9995952
P27986,17755052,1,1,0.99894196
P42336,58204082,1,1,0.9994935
P01024,91930066,1,1,0.9988801
P00742,20641745,1,1,0.718956
P41145,54585844,1,1,0.9992417
Q86V86,44217683,1,1,0.9995604
P00742,44376100,1,1,0.63645613
P35372,134131,1,1,0.9996681
P23977,44330413,1,1,0.99943644
P23977,10527191,1,1,0.99976104
P51449,118022432,1,1,0.9954348
P51449,118022257,1,1,0.9945851
P42336,118444359,1,1,0.9995035
P41145,72710568,0,0,0.06742787
P00519,11387605,1,1,0.9994067
P00742,10007890,1,1,0.9986796
P00742,16066155,1,1,0.9995838
P51449,72548955,1,1,0.99800926
P23977,44364270,1,1,0.9990319
Q07817,16109095,1,1,0.99910885
Q86V86,59455685,1,1,0.99966204
P19327,108029,1,1,0.99972206
P51449,118185766,1,1,0.99872166
P47900,90070531,1,1,0.99975926
P28347,145961187,1,1,0.9982362
Q07817,57523433,1,1,0.9986916
P04757,155517772,1,1,0.9965565
P28702,449171,1,1,0.9971597
Q99808,9910431,1,1,0.99461335
P51449,156017530,1,1,0.9979007
P00491,135541926,1,1,0.9408713
P51449,117869728,1,1,0.99954337
P35372,71450766,1,1,0.9994972
P41145,52947240,1,1,0.9993554
P43235,10673009,1,1,0.9996737
P42336,70676303,1,1,0.999516
P47900,44448831,1,1,0.9974408
P10646,155536353,1,1,0.9980788
Q13464,44259,1,1,0.9997702
P51449,138805821,1,1,0.99207014
P51449,138805744,1,1,0.9968364
P41145,44138064,1,1,0.99968565
O43614,74222941,1,1,0.99974245
Q9IGQ6,154234,1,1,0.99831593
Q09472,118958122,1,1,0.9969676
O43614,118736958,1,1,0.99963355
P35372,44592053,1,1,0.99925476
P35372,5311080,1,1,0.99935824
P35372,16094428,1,1,0.9997316
Q9P0X4,53317097,1,1,0.9996842
P51449,74220947,1,1,0.9909218
P42336,44609854,1,1,0.9996195
P35372,44592015,1,1,0.99925476
P51449,145962336,1,1,0.9912997
Q86V86,46178939,1,1,0.9995264
P03956,128564,1,1,0.99881434
P23977,3456,1,1,0.9997093
P51449,118022475,1,1,0.9960627
P36888,90914794,1,1,0.99944085
P51449,138805858,1,1,0.9974964
P51449,138805724,1,1,0.9811854
P51449,156021989,1,1,0.99700135
P31749,71138427,1,1,0.99926907
P19793,10003577,1,1,0.99801695
P43235,5287468,1,1,0.99912137
P00742,10289091,1,1,0.99928516
Q07817,16109161,1,1,0.99909997
P19327,2585,1,1,0.99955183
P35372,137541816,1,1,0.99970645
P31421,11405687,1,1,0.99891853
P19327,73453,1,1,0.9992918
P42336,44610484,1,1,0.9995322
P33533,10415290,1,1,0.9931558
O43614,73673265,1,1,0.9973658
P43235,10152654,1,1,0.9995894
P35372,86582904,1,1,0.9993111
P51449,145962447,1,1,0.9949832
P53350,16722190,1,1,0.99948585
P33533,44328534,1,1,0.9996207
P31421,9886034,1,1,0.9984113
P39086,68172902,1,1,0.99933714
P51449,156020502,1,1,0.994769
P00742,71764624,0,1,0.9985152
P31749,71138661,1,1,0.99887294
Q07817,16109139,1,1,0.9991002
P00915,127033707,1,1,0.99850416
P00338,164609946,1,1,0.9980211
P21917,155552185,1,1,0.99785715
P19793,10207439,1,1,0.9964546
P27986,130302709,1,1,0.9988986
P56524,71520717,1,1,0.99810433
P35372,44406703,1,1,0.99729127
P34972,59718743,1,1,0.99829847
Q96BI3,44432598,1,1,0.9996375
P51449,118185723,1,1,0.99068636
P33533,46877658,1,1,0.9996207
P00800,41563,1,1,0.9954823
P35372,71612630,1,1,0.9981464
P51449,145952014,1,1,0.9990243
P33533,461776,1,1,0.9931558
Q96GG9,145960525,1,1,0.99955255
P35372,16087277,1,1,0.9984915
P51449,121302129,1,1,0.9950943
P19327,9846057,1,1,0.99966586
P00915,164612712,1,1,0.99949193
P21917,127028185,1,1,0.9994072
Q92542,44432551,1,1,0.99935514
P39900,57336496,1,1,0.99964654
P35372,117943733,1,1,0.9994431
P33533,14840430,1,1,0.9959637
P00915,127031859,1,1,0.99771476
P00742,44273645,1,1,0.9992743
P51449,138805864,1,1,0.9990202
P51449,156014537,1,1,0.9941598
Q07817,57523400,1,1,0.9966967
P00915,3295,1,1,0.9967534
P00338,57340478,1,1,0.9982004
P49840,44259,1,1,0.9997613
P21917,155515982,1,1,0.99834096
P00338,163407843,1,1,0.99781585
P51449,118185669,1,1,0.9988349
P23977,44325753,1,1,0.9996897
P42336,44610162,1,1,0.99961025
P31749,71138627,1,1,0.9997948
Q96BI3,44432557,1,1,0.99976
P23385,11688880,1,1,0.9992311
P34972,2846758,1,1,0.99424535
P34972,137634172,1,1,0.9997391
O43614,90654340,1,1,0.9997465
P51449,121303824,1,1,0.9931049
P35372,9839245,1,1,0.9993111
P42336,124193954,1,1,0.9972922
P51449,156012466,1,1,0.9980171
P00791,44313645,1,1,0.99689424
P00791,44313646,1,1,0.99689424
O43614,73673517,1,1,0.9986656
P18858,16736219,1,1,0.9994186
P34972,127032985,1,1,0.998415
P00519,11442891,1,1,0.99046093
O43614,40924317,1,1,0.9994301
P35372,16094413,1,1,0.9997292
P03956,10456675,1,1,0.99895513
P35372,117862200,1,1,0.99548596
P00742,44273703,1,1,0.9994562
P00742,44274017,1,1,0.9988673
P23977,44364269,1,1,0.9990319
P30411,11498853,1,1,0.99558496
P21731,6918030,1,1,0.9996458
P19793,10916642,1,1,0.99355423
P21917,127031831,1,1,0.9994393
P00742,44385552,1,1,0.99958473
P51449,74223796,1,1,0.99931157
Q9Y4K0,130302628,1,1,0.9987746
P05981,155523803,1,1,0.9965558
Q16769,46181574,1,1,0.9994943
P18911,444795,1,1,0.9986802
P00791,44313692,1,1,0.9983524
P50750,11338033,1,1,0.99921227
P23977,44330248,1,1,0.9991147
P27986,70689024,1,1,0.99954236
P43235,72429,1,1,0.99748564
P00915,127031264,1,1,0.996256
P51449,156015745,1,1,0.9938818
P08254,9887870,1,1,0.99901605
P00742,44473100,1,1,0.9959474
P42336,118444399,1,1,0.99951696
P51449,118185768,1,1,0.9989674
P00915,127033708,1,1,0.9985442
P21917,3964,1,1,0.99958485
P23977,10647833,1,1,0.9997002
P51449,138805909,1,1,0.99930227
P23977,15679192,1,1,0.99926835
Q96BI3,44432578,1,1,0.9994216
P36507,11707110,1,1,0.99958783
P41145,54584882,1,1,0.9995865
P35372,44358969,1,1,0.999688
Q99808,16756415,1,1,0.9951916
P35372,16094430,1,1,0.99970657
P51449,72548705,1,1,0.99924785
Q96BI3,17747070,1,1,0.99946517
P36888,145360595,1,1,0.99965286
P41145,73350518,1,1,0.9993554
P41145,54580938,1,1,0.9986682
O43614,24964937,1,1,0.999064
P51449,138805808,1,1,0.9986979
P35372,16094424,1,1,0.99934596
O43614,74222327,1,1,0.9992046
Q07817,16109081,1,1,0.998769
O43614,46868791,1,1,0.9996773
P36888,54761157,1,1,0.99880123
Q96BI3,44432604,1,1,0.9993414
P41145,55652,1,1,0.9994615
P00915,126842607,1,1,0.99949694
P00791,5478883,1,1,0.99642146
P00742,44273701,1,1,0.99948394
P35372,71451410,1,1,0.9993449
P51449,118022419,1,1,0.9936365
P00742,46226324,1,1,0.9985707
P00742,9935746,1,1,0.9992249
P35372,25232541,1,1,0.99964166
P51449,121301949,1,1,0.99868125
P33533,9875567,1,1,0.99771714
P31749,71138878,1,1,0.9997608
P31749,71138400,1,1,0.99980015
Q9UBU7,11448608,1,1,0.9978042
Q13976,44259,1,1,0.99977833
P00742,44385729,1,1,0.9997143
Q96BI3,164612674,1,1,0.9978771
Q02156,176167,1,1,0.9996896
P19327,196129,1,1,0.9864059
P35372,50994459,0,1,0.980116
P19793,10937639,1,1,0.9912983
P36888,145360635,1,1,0.9996636
P33533,443363,1,1,0.99721646
O43614,118736955,1,1,0.999225
P21917,5265,1,1,0.99929166
Q02156,44259,1,1,0.9997831
P35372,44240971,1,1,0.9997596
P51449,156021975,1,1,0.9933181
P41145,16094373,1,1,0.99973685
P42336,67073110,1,1,0.99942386
O43614,73673142,1,1,0.99756587
O43614,73602832,1,1,0.9940317
P19327,10319570,1,1,0.9988123
P81721,10390222,1,1,0.9993135
P49841,6539442,1,1,0.9991592
P05981,134313025,1,1,0.9954224
Q07817,50994459,0,1,0.8204686
P35372,54585844,1,1,0.998779
P35372,16094390,1,1,0.9978801
P14616,44259,1,1,0.9996917
P19793,9845057,1,1,0.9929496
P19327,8223,1,1,0.9993723
P00491,135541925,1,1,0.88593316
O43614,73673266,1,1,0.9975593
Q07817,71453306,1,1,0.99783164
P11416,449171,1,1,0.99856204
P35372,44577048,1,1,0.99918073
P03956,9887544,1,1,0.9975279
P35372,44592087,1,1,0.9991296
P27986,164620413,1,1,0.99918455
P33032,16197727,1,1,0.99899286
P00742,73160226,1,1,0.9995041
P00742,9916876,1,1,0.9967573
P51449,156022220,1,1,0.99708897
P42336,118436351,1,1,0.9990983
P27986,70684794,1,1,0.9994479
P23977,9796607,1,1,0.99974614
P35372,58443217,1,1,0.99948114
Q07817,16109078,1,1,0.9971783
P42336,58203922,1,1,0.9961408
P35372,16087273,1,1,0.9997274
P41145,3086114,1,1,0.99924123
P51449,118186179,1,1,0.99626344
P51449,138805831,1,1,0.9974095
P23977,44295887,1,1,0.99947983
P33533,71718671,1,1,0.9579766
P00742,9958105,1,1,0.9984413
P00742,9826322,1,1,0.9957955
P43235,6918602,1,1,0.9996617
P51449,74221204,1,1,0.98112696
P34972,44208932,1,1,0.9997274
P00742,44385893,1,1,0.9997764
P43235,155524050,1,1,0.99970335
P27986,137633048,1,1,0.9995328
P47900,73051081,1,1,0.9997726
P51449,156013265,1,1,0.9933662
P23977,44364315,1,1,0.99942964
P30987,54758054,1,1,0.997903
P51449,121302041,1,1,0.99762887
P00742,10297977,1,1,0.99968076
P42336,51347750,1,1,0.99905664
P41145,52948615,1,1,0.9995591
P31749,44259,1,1,0.999765
P11511,46177290,1,1,0.99890256
P42336,118444235,1,1,0.99939394
P05981,4413,1,1,0.99883157
P51449,74223945,1,1,0.99901664
P34972,70696000,1,1,0.99525523
Q92769,444732,1,1,0.99871397
P34972,60195573,1,1,0.9997794
O43614,25060119,1,1,0.99978393
P33533,644209,1,1,0.99907047
P51449,86716147,1,1,0.9986785
P00519,72165228,1,1,0.99943894
Q99808,65407,1,1,0.9962753
Q07817,57523370,1,1,0.99560577
P42336,53326216,1,1,0.9994758
P35372,86582746,1,1,0.99920315
P35372,54585845,1,1,0.99754816
P34972,101882735,1,1,0.9997085
P35372,57412773,1,1,0.9991412
P31751,11959314,1,1,0.9992575
Q05586,3034023,1,1,0.9997806
P24864,4566,1,1,0.99948066
P47900,90078572,1,1,0.99907
P35372,44299063,1,1,0.99930894
P47900,73052662,1,1,0.9997149
Q92769,6918328,1,1,0.99867886
O60218,136219385,1,1,0.9996074
O43614,118175279,1,1,0.9991499
P35372,25232540,1,1,0.9994265
P41145,16094388,1,1,0.99975544
Q07817,16109079,1,1,0.9974322
P48748,11442712,1,1,0.9993593
P35372,44591193,1,1,0.9986701
P00519,135398495,1,1,0.9993255
Q9QYJ6,57392231,1,1,0.999353
P23977,10504397,1,1,0.9996933
P35372,117943736,1,1,0.9992403
P00742,9932394,1,1,0.9983438
P51449,138805869,1,1,0.99875355
P35372,11983337,1,1,0.9982723
P41145,5359272,1,1,0.9991615
P51449,156018515,1,1,0.9972167
P21731,5311175,1,1,0.99927884
Q9UBU7,137661818,1,1,0.9987632
P35372,46877824,1,1,0.9995327
P31749,24804134,1,1,0.99971455
P41145,44422807,1,1,0.9988495
P35372,5488548,1,1,0.9991689
P31749,71138781,1,1,0.9995084
P18858,16735384,1,1,0.99963033
Q07817,59053624,1,1,0.9985807
P39900,132519,1,1,0.9997992
P36888,56595693,1,1,0.9993223
P19327,5202,1,1,0.99868304
P47900,73051864,1,1,0.9995839
P23977,44325208,1,1,0.9982191
P42336,44609387,1,1,0.99951196
P00742,10391715,1,1,0.99905616
P34972,44157745,1,1,0.9996896
P33533,71720491,1,1,0.9864703
P23977,10648337,1,1,0.99958354
P00742,21366560,1,1,0.9996166
P19793,44353456,1,1,0.9865993
P35372,16094374,1,1,0.9996816
P00742,10480463,1,1,0.9997179
Q92769,5352062,1,1,0.99829656
P35372,16094378,1,1,0.99975556
P47900,73051234,1,1,0.99962866
Q07817,24798804,1,1,0.99901795
P19327,10474042,1,1,0.9996393
P19327,47811,1,1,0.99924195
O43614,24965645,1,1,0.999729
P25024,10310100,1,1,0.9986027
P34972,127030117,1,1,0.9995635
P42336,58204974,1,1,0.99949026
P35372,10021946,1,1,0.99911195
P01116,138611145,1,1,0.99962664
P19327,1220,1,1,0.99899846
P42336,58204138,1,1,0.99910873
P42336,44609543,1,1,0.9995222
P35372,10078468,1,1,0.9983132
Q9UBN7,164618637,1,1,0.99962795
P18858,16735381,1,1,0.99958354
P51449,145961892,1,1,0.99754214
P00742,10623965,1,1,0.99959654
P35372,10086063,1,1,0.9993111
P51449,156018310,1,1,0.9951061
P23977,104920,1,1,0.9997178
P00519,51038269,1,1,0.9995364
P42336,44608432,1,1,0.99960643
P51449,86716129,1,1,0.9993917
P36888,10366136,1,1,0.99911946
O43614,118736956,1,1,0.9989826
Q9H4B4,11364421,1,1,0.99928826
Q15759,146019271,1,1,0.9995332
P00915,132502992,1,1,0.9996475
Q96BI3,44432596,1,1,0.9993144
P19327,10319624,1,1,0.99969065
P51449,118022182,1,1,0.9965559
P51449,118022885,1,1,0.99911076
P41145,16087273,1,1,0.9997825
P33032,73353100,1,1,0.99905556
P00742,11562451,1,1,0.9989028
